country,series,year,value,decade,change,annual_change,pct_change,rolling_5y,rolling_std_5y
ARG,Broad money (% of GDP),1976,19.05432005,1970,,,,,
ARG,Broad money (% of GDP),1977,22.47230597,1970,3.4179859199999996,3.4179859199999996,17.938115403913347,,
ARG,Broad money (% of GDP),1978,24.54096738,1970,2.0686614100000007,2.0686614100000007,9.205381115590082,22.022531133333334,2.7708388231225087
ARG,Broad money (% of GDP),1979,25.86769055,1970,1.3267231699999975,1.3267231699999975,5.406156772292636,22.9838209875,2.968952327681214
ARG,Broad money (% of GDP),1980,24.95573441,1980,-0.9119561399999974,-0.9119561399999974,-3.525464085157759,23.378203672,2.7182157663069924
ARG,Broad money (% of GDP),1981,23.41155755,1980,-1.5441768600000003,-1.5441768600000003,-6.1876634629563725,24.249651172,1.3287989865943026
ARG,Broad money (% of GDP),1982,21.24287839,1980,-2.16867916,-2.16867916,-9.263284407149575,24.003765656,1.7777974538531405
ARG,Broad money (% of GDP),1983,21.02593844,1980,-0.21693995000000044,-0.21693995000000044,-1.0212361339041687,23.300759868,2.165065743457982
ARG,Broad money (% of GDP),1984,21.97477621,1980,0.9488377700000008,0.9488377700000008,4.512701170069633,22.522177000000003,1.6498622531408207
ARG,Broad money (% of GDP),1985,17.30336287,1980,-4.671413340000001,-4.671413340000001,-21.258070140774375,20.991702692,2.263307482194862
ARG,Broad money (% of GDP),1986,19.58474074,1980,2.28137787,2.28137787,13.184592423680709,20.226339330000002,1.849674434661862
ARG,Broad money (% of GDP),1987,22.0526189,1980,2.467878159999998,2.467878159999998,12.601025424654132,20.388287432000002,1.9909791263065388
ARG,Broad money (% of GDP),1988,25.14760548,1980,3.0949865800000005,3.0949865800000005,14.034553419866146,21.21262084,2.9454572294401085
ARG,Broad money (% of GDP),1989,20.10465632,1980,-5.042949159999999,-5.042949159999999,-20.053396988475413,20.838596862,2.9432171195312913
ARG,Broad money (% of GDP),1990,11.48109468,1990,-8.62356164,-8.62356164,-42.89335516479995,19.674143223999998,5.0728521164994955
ARG,Broad money (% of GDP),1991,10.55677756,1990,-0.9243171199999995,-0.9243171199999995,-8.050775172250379,17.868550587999998,6.514461880971967
ARG,Broad money (% of GDP),1992,13.69143719,1990,3.13465963,3.13465963,29.693337878760808,16.196314246,6.239247374028541
ARG,Broad money (% of GDP),1993,19.21862334,1990,5.52718615,5.52718615,40.36965640127952,15.010517818,4.407124993626523
ARG,Broad money (% of GDP),1994,20.770289,1990,1.5516656599999976,1.5516656599999976,8.073760708814625,15.143644354,4.605081607753883
ARG,Broad money (% of GDP),1995,20.14127137,1990,-0.6290176299999999,-0.6290176299999999,-3.0284490986138946,16.875679692,4.510803145572414
ARG,Broad money (% of GDP),1996,22.69048015,1990,2.5492087800000007,2.5492087800000007,12.656642836345444,19.30242021,3.3847973564333254
ARG,Broad money (% of GDP),1997,26.47018463,1990,3.7797044799999995,3.7797044799999995,16.657666364984337,21.858169698,2.874971812005305
ARG,Broad money (% of GDP),1998,28.65068486,1990,2.18050023,2.18050023,8.237570914139859,23.744582001999998,3.689178500217089
ARG,Broad money (% of GDP),1999,31.44367759,1990,2.7929927300000017,2.7929927300000017,9.748432694184483,25.87925972,4.530054117740823
ARG,Broad money (% of GDP),2000,31.84862106,2000,0.4049434699999992,0.4049434699999992,1.287837495601285,28.220729658,3.787542685852016
ARG,Broad money (% of GDP),2001,27.13925159,2000,-4.709369469999999,-4.709369469999999,-14.786729576542612,29.110483946,2.449976536334744
ARG,Broad money (% of GDP),2002,27.92706955,2000,0.7878179599999982,0.7878179599999982,2.902872827525882,29.401860929999998,2.122164374814568
ARG,Broad money (% of GDP),2003,30.10405723,2000,2.17698768,2.17698768,7.795259993542714,29.692535404,2.0928857136347387
ARG,Broad money (% of GDP),2004,28.32564647,2000,-1.7784107599999999,-1.7784107599999999,-5.9075451073343554,29.068929179999998,1.89592624003353
ARG,Broad money (% of GDP),2005,28.66331028,2000,0.33766381000000223,0.33766381000000223,1.1920780355626714,28.431867024000002,1.0939314445902457
ARG,Broad money (% of GDP),2006,28.04961193,2000,-0.61369835,-0.61369835,-2.141058879818958,28.613939092,0.8798092305719103
ARG,Broad money (% of GDP),2007,27.86431643,2000,-0.18529550000000228,-0.18529550000000228,-0.6605991571734471,28.601388468,0.8924144084505918
ARG,Broad money (% of GDP),2008,23.49367316,2000,-4.370643269999999,-4.370643269999999,-15.685449456403544,27.279311654000004,2.137575767917128
ARG,Broad money (% of GDP),2009,25.32273847,2000,1.8290653100000007,1.8290653100000007,7.785352667262524,26.678730054,2.191277677533556
ARG,Broad money (% of GDP),2010,25.4406026,2010,0.1178641299999974,0.1178641299999974,0.4654478035210685,26.034188518,1.918594759257385
ARG,Broad money (% of GDP),2011,24.38712399,2010,-1.053478609999999,-1.053478609999999,-4.140934185261791,25.30169093,1.634942647971844
ARG,Broad money (% of GDP),2012,27.17564527,2010,2.788521280000001,2.788521280000001,11.434399895385127,25.163956698,1.373130699392833
ARG,Broad money (% of GDP),2013,27.19624241,2010,0.02059713999999957,0.02059713999999957,0.07579264372699068,25.904470548,1.2390001995698554
ARG,Broad money (% of GDP),2014,25.82170185,2010,-1.3745405599999998,-1.3745405599999998,-5.054156156126133,26.004263224,1.1999095313829675
ARG,Broad money (% of GDP),2015,27.69088504,2010,1.869183190000001,1.869183190000001,7.238807112165624,26.454319712,1.3484581170006102
ARG,Broad money (% of GDP),2016,28.3723031,2010,0.6814180599999986,0.6814180599999986,2.4608027479644523,27.251355533999998,0.9357335076094073
ARG,Broad money (% of GDP),2017,28.49528017,2010,0.12297707000000102,0.12297707000000102,0.4334405619683457,27.515282514,1.083480271066942
ARG,Broad money (% of GDP),2018,30.41075648,2010,1.915476309999999,1.915476309999999,6.722082739922053,28.158185328000002,1.6515962543659817
ARG,Broad money (% of GDP),2019,26.18303895,2010,-4.22771753,-4.22771753,-13.902046576119897,28.230452747999998,1.5270081877101391
ARG,Broad money (% of GDP),2020,34.50526317,2020,8.322224219999999,8.322224219999999,31.784791046953686,29.593328374,3.127378242319518
ARG,Broad money (% of GDP),2021,30.73095443,2020,-3.7743087399999986,-3.7743087399999986,-10.938356625204658,30.06505864,3.0745984203784733
ARG,Broad money (% of GDP),2022,32.19183572,2020,1.4608812899999997,1.4608812899999997,4.753777801882597,30.80436975,3.047076201158487
ARG,Broad money (% of GDP),2023,35.82185199,2020,3.6300162699999987,3.6300162699999987,11.276201523806728,31.886588852,3.7517628923411617
ARG,Broad money (% of GDP),2024,26.33393104,2020,-9.48792095,-9.48792095,-26.48640542830851,31.916767269999998,3.6945863371082552
ARG,Broad money (% of GDP),2025,26.27759011,2020,-0.056340930000001066,-0.056340930000001066,-0.21394804260108646,30.271232657999995,4.0669693885769265
ARG,Domestic credit to private sector (% of GDP),1976,13.56276729,1970,,,,,
ARG,Domestic credit to private sector (% of GDP),1977,18.38290986,1970,4.820142570000002,4.820142570000002,35.53952130074482,,
ARG,Domestic credit to private sector (% of GDP),1978,20.55711741,1970,2.1742075499999984,2.1742075499999984,11.827330746645991,17.500931519999998,3.5796155861290284
ARG,Domestic credit to private sector (% of GDP),1979,24.05622763,1970,3.4991102199999986,3.4991102199999986,17.021405045329253,19.139755547500002,4.391515524518142
ARG,Domestic credit to private sector (% of GDP),1980,25.39579275,1980,1.3395651199999996,1.3395651199999996,5.568475409375728,20.390962988000002,4.721404107612023
ARG,Domestic credit to private sector (% of GDP),1981,33.55230678,1980,8.156514030000004,8.156514030000004,32.11757990897923,24.388870886,5.827671128033908
ARG,Domestic credit to private sector (% of GDP),1982,33.90637227,1980,0.35406548999999643,0.35406548999999643,1.055264224667396,27.493563367999997,5.961599844331936
ARG,Domestic credit to private sector (% of GDP),1983,28.11827564,1980,-5.788096629999998,-5.788096629999998,-17.070822510614757,29.005795014,4.555338926865588
ARG,Domestic credit to private sector (% of GDP),1984,25.00099884,1980,-3.117276799999999,-3.117276799999999,-11.086301450027324,29.194749256,4.311789290223582
ARG,Domestic credit to private sector (% of GDP),1985,17.36414138,1980,-7.636857460000002,-7.636857460000002,-30.546209408967762,27.588418982,6.837321020847568
ARG,Domestic credit to private sector (% of GDP),1986,16.90722949,1980,-0.45691189000000065,-0.45691189000000065,-2.6313532008341745,24.259403524,7.247481746568244
ARG,Domestic credit to private sector (% of GDP),1987,21.29731488,1980,4.390085389999999,4.390085389999999,25.965728995377813,21.737592046,4.848099219361903
ARG,Domestic credit to private sector (% of GDP),1988,20.33583548,1980,-0.9614793999999982,-0.9614793999999982,-4.5145569073729135,20.181104014,3.2846151805766097
ARG,Domestic credit to private sector (% of GDP),1989,39.71749502,1980,19.38165954,19.38165954,95.30790883443949,23.12440325,9.464128631051068
ARG,Domestic credit to private sector (% of GDP),1990,15.60169481,1990,-24.115800210000003,-24.115800210000003,-60.71833129923307,22.771913935999997,9.760484169089317
ARG,Domestic credit to private sector (% of GDP),1991,12.58720349,1990,-3.0144913199999994,-3.0144913199999994,-19.32156318086573,21.907908736000003,10.567278305573115
ARG,Domestic credit to private sector (% of GDP),1992,15.44533545,1990,2.8581319599999997,2.8581319599999997,22.706647765491873,20.73751285,10.968276746142168
ARG,Domestic credit to private sector (% of GDP),1993,18.28460493,1990,2.8392694800000005,2.8392694800000005,18.38269870661826,20.32726674,11.025269637523952
ARG,Domestic credit to private sector (% of GDP),1994,20.280578,1990,1.995973069999998,1.995973069999998,10.916139985749185,16.439883336,2.9448582631379883
ARG,Domestic credit to private sector (% of GDP),1995,19.96060756,1990,-0.31997043999999875,-0.31997043999999875,-1.5777185443136665,17.311665886,3.262731821028512
ARG,Domestic credit to private sector (% of GDP),1996,20.18700183,1990,0.22639427000000012,0.22639427000000012,1.1342053057226797,18.831625554,2.0601760022941593
ARG,Domestic credit to private sector (% of GDP),1997,21.93345876,1990,1.7464569300000008,1.7464569300000008,8.651393330754953,20.129250216000003,1.2954304684117295
ARG,Domestic credit to private sector (% of GDP),1998,24.15329877,1990,2.2198400099999986,2.2198400099999986,10.12079323325108,21.302988984000002,1.7758446898739726
ARG,Domestic credit to private sector (% of GDP),1999,24.89334375,1990,0.7400449800000004,0.7400449800000004,3.063949926869558,22.225542134,2.24745962159917
ARG,Domestic credit to private sector (% of GDP),2000,23.89473362,2000,-0.9986101299999994,-0.9986101299999994,-4.011554815732621,23.012367345999998,1.9212691784413503
ARG,Domestic credit to private sector (% of GDP),2001,20.83357465,2000,-3.061158970000001,-3.061158970000001,-12.811019443371396,23.14168191,1.6915922273810002
ARG,Domestic credit to private sector (% of GDP),2002,15.3318584,2000,-5.501716249999999,-5.501716249999999,-26.407932111640765,21.821361837999998,3.945353332385635
ARG,Domestic credit to private sector (% of GDP),2003,10.76270592,2000,-4.56915248,-4.56915248,-29.801687184901215,19.143243268,5.984513287487601
ARG,Domestic credit to private sector (% of GDP),2004,9.682518196,2000,-1.080187724,-1.080187724,-10.03639541978677,16.1010781572,6.19325071510293
ARG,Domestic credit to private sector (% of GDP),2005,10.65349292,2000,0.9709747239999995,0.9709747239999995,10.028121861946238,13.4528300172,4.671574843378618
ARG,Domestic credit to private sector (% of GDP),2006,11.91026166,2000,1.25676874,1.25676874,11.796776413495746,11.6681674192,2.195077955772882
ARG,Domestic credit to private sector (% of GDP),2007,13.09854135,2000,1.1882796899999999,1.1882796899999999,9.976940254728216,11.2215040092,1.3133226847992376
ARG,Domestic credit to private sector (% of GDP),2008,12.31394671,2000,-0.7845946399999999,-0.7845946399999999,-5.98993902477546,11.5317521672,1.360232670152311
ARG,Domestic credit to private sector (% of GDP),2009,12.41620754,2000,0.10226083000000052,0.10226083000000052,0.8304472352227643,12.078490036,0.9040070807429454
ARG,Domestic credit to private sector (% of GDP),2010,12.69010625,2010,0.2738987099999992,0.2738987099999992,2.2059772206417083,12.485812702,0.44238389707530384
ARG,Domestic credit to private sector (% of GDP),2011,14.00871512,2010,1.3186088700000003,1.3186088700000003,10.390841841848264,12.905503393999998,0.6874018907473026
ARG,Domestic credit to private sector (% of GDP),2012,15.21281502,2010,1.204099900000001,1.204099900000001,8.595362884358536,13.328358128,1.2532436010507781
ARG,Domestic credit to private sector (% of GDP),2013,15.72909201,2010,0.5162769899999997,0.5162769899999997,3.393697940330309,14.011387188,1.473459132236998
ARG,Domestic credit to private sector (% of GDP),2014,13.82376925,2010,-1.9053227600000007,-1.9053227600000007,-12.113367756947845,14.29289953,1.2019446373756935
ARG,Domestic credit to private sector (% of GDP),2015,14.41423304,2010,0.5904637899999994,0.5904637899999994,4.271366074777316,14.637724888,0.8108539526174455
ARG,Domestic credit to private sector (% of GDP),2016,13.66763343,2010,-0.7465996099999987,-0.7465996099999987,-5.179599968504456,14.56950855,0.8877067836138018
ARG,Domestic credit to private sector (% of GDP),2017,15.95849734,2010,2.290863909999999,2.290863909999999,16.761233184463585,14.718645014,1.0672782620555799
ARG,Domestic credit to private sector (% of GDP),2018,15.95849734,2010,0.0,0.0,0.0,14.76452608,1.1249485379453157
ARG,Domestic credit to private sector (% of GDP),2019,14.47762924,2010,-1.4808680999999986,-1.4808680999999986,-9.279495860103326,14.895298078000001,1.0214960423818316
ARG,Domestic credit to private sector (% of GDP),2020,15.74648977,2020,1.2688605299999995,1.2688605299999995,8.76428390978743,15.161749424000002,1.0382604183470514
ARG,Domestic credit to private sector (% of GDP),2021,13.26442898,2020,-2.4820607900000002,-2.4820607900000002,-15.762629171669673,15.081108534,1.1881567955470536
ARG,Domestic credit to private sector (% of GDP),2022,12.88910093,2020,-0.37532805000000025,-0.37532805000000025,-2.829583169889305,14.467229252,1.3962193271451084
ARG,Domestic credit to private sector (% of GDP),2023,15.35708234,2020,2.46798141,2.46798141,19.14781661966549,14.346946252,1.254325679943723
ARG,Domestic credit to private sector (% of GDP),2024,15.11767784,2020,-0.23940449999999913,-0.23940449999999913,-1.5589191664124313,14.474955972,1.302722950283475
ARG,Domestic credit to private sector (% of GDP),2025,17.59829274,2020,2.480614900000001,2.480614900000001,16.40870328269941,14.845316566000003,1.8868590209475986
ARG,"GDP per capita, PPP (constant 2021 international $)",1976,17.59829274,1970,,,,,
ARG,"GDP per capita, PPP (constant 2021 international $)",1977,17.59829274,1970,0.0,0.0,0.0,,
ARG,"GDP per capita, PPP (constant 2021 international $)",1978,17.59829274,1970,0.0,0.0,0.0,17.59829274,0.0
ARG,"GDP per capita, PPP (constant 2021 international $)",1979,17.59829274,1970,0.0,0.0,0.0,17.59829274,0.0
ARG,"GDP per capita, PPP (constant 2021 international $)",1980,17.59829274,1980,0.0,0.0,0.0,17.59829274,0.0
ARG,"GDP per capita, PPP (constant 2021 international $)",1981,17.59829274,1980,0.0,0.0,0.0,17.59829274,0.0
ARG,"GDP per capita, PPP (constant 2021 international $)",1982,17.59829274,1980,0.0,0.0,0.0,17.59829274,0.0
ARG,"GDP per capita, PPP (constant 2021 international $)",1983,17.59829274,1980,0.0,0.0,0.0,17.59829274,0.0
ARG,"GDP per capita, PPP (constant 2021 international $)",1984,17.59829274,1980,0.0,0.0,0.0,17.59829274,0.0
ARG,"GDP per capita, PPP (constant 2021 international $)",1985,17.59829274,1980,0.0,0.0,0.0,17.59829274,0.0
ARG,"GDP per capita, PPP (constant 2021 international $)",1986,17.59829274,1980,0.0,0.0,0.0,17.59829274,0.0
ARG,"GDP per capita, PPP (constant 2021 international $)",1987,17.59829274,1980,0.0,0.0,0.0,17.59829274,0.0
ARG,"GDP per capita, PPP (constant 2021 international $)",1988,17.59829274,1980,0.0,0.0,0.0,17.59829274,0.0
ARG,"GDP per capita, PPP (constant 2021 international $)",1989,17.59829274,1980,0.0,0.0,0.0,17.59829274,0.0
ARG,"GDP per capita, PPP (constant 2021 international $)",1990,17007.28443,1990,16989.68613726,16989.68613726,96541.67246941704,3415.535520192,7598.018623859836
ARG,"GDP per capita, PPP (constant 2021 international $)",1991,18295.6092,1990,1288.3247699999993,1288.3247699999993,7.5751350858074495,7071.137701644,9669.1911089257
ARG,"GDP per capita, PPP (constant 2021 international $)",1992,19476.28406,1990,1180.6748600000028,1180.6748600000028,6.453323565743863,10962.874855096,10029.708051897487
ARG,"GDP per capita, PPP (constant 2021 international $)",1993,20791.34515,1990,1315.0610899999992,1315.0610899999992,6.7521149617079335,15117.624226548,8556.725600932812
ARG,"GDP per capita, PPP (constant 2021 international $)",1994,21711.84279,1990,920.4976399999978,920.4976399999978,4.427311621056895,19456.473126,1885.1457793866805
ARG,"GDP per capita, PPP (constant 2021 international $)",1995,20819.49995,1990,-892.3428399999975,-892.3428399999975,-4.109935985769897,20218.91623,1338.639034458249
ARG,"GDP per capita, PPP (constant 2021 international $)",1996,21695.59495,1990,876.0949999999975,876.0949999999975,4.208050155402487,20898.91338,913.4149315500131
ARG,"GDP per capita, PPP (constant 2021 international $)",1997,23172.15834,1990,1476.563390000003,1476.563390000003,6.805821151265556,21638.088236,968.1397724557557
ARG,"GDP per capita, PPP (constant 2021 international $)",1998,23783.10172,1990,610.943379999997,610.943379999997,2.6365406753905196,22236.43955,1208.6320773986733
ARG,"GDP per capita, PPP (constant 2021 international $)",1999,22714.51113,1990,-1068.5905899999998,-1068.5905899999998,-4.493066558687708,22436.973218,1182.7349564739413
ARG,"GDP per capita, PPP (constant 2021 international $)",2000,22281.38143,2000,-433.1296999999977,-433.1296999999977,-1.9068413910433901,22729.349514,802.4988237603096
ARG,"GDP per capita, PPP (constant 2021 international $)",2001,21066.45813,2000,-1214.9233000000022,-1214.9233000000022,-5.452639028764217,22603.522149999997,1023.8913610927411
ARG,"GDP per capita, PPP (constant 2021 international $)",2002,18571.70205,2000,-2494.756079999999,-2494.756079999999,-11.842313808068694,21683.430892,1993.2887814004482
ARG,"GDP per capita, PPP (constant 2021 international $)",2003,20005.13851,2000,1433.4364600000008,1433.4364600000008,7.718390356149407,20927.83825,1691.6151449524389
ARG,"GDP per capita, PPP (constant 2021 international $)",2004,21591.4494,2000,1586.3108900000007,1586.3108900000007,7.929517154840227,20703.225904,1452.7709250711682
ARG,"GDP per capita, PPP (constant 2021 international $)",2005,23262.40758,2000,1670.9581799999978,1670.9581799999978,7.738981061641925,20899.431134000002,1754.175516308275
ARG,"GDP per capita, PPP (constant 2021 international $)",2006,24877.24939,2000,1614.8418100000017,1614.8418100000017,6.941851588003178,21661.589386,2509.9422813571455
ARG,"GDP per capita, PPP (constant 2021 international $)",2007,26850.66459,2000,1973.4151999999995,1973.4151999999995,7.932610109191818,23317.381894,2686.544927915178
ARG,"GDP per capita, PPP (constant 2021 international $)",2008,27658.48534,2000,807.820749999999,807.820749999999,3.008568921235777,24848.05126,2501.478260588836
ARG,"GDP per capita, PPP (constant 2021 international $)",2009,25747.19768,2000,-1911.2876599999981,-1911.2876599999981,-6.910312103157268,25679.200916,1715.993430166107
ARG,"GDP per capita, PPP (constant 2021 international $)",2010,28056.25702,2010,2309.05934,2309.05934,8.968196728429367,26637.970804,1322.1044787993271
ARG,"GDP per capita, PPP (constant 2021 international $)",2011,29425.75939,2010,1369.5023699999983,1369.5023699999983,4.881272541179471,27547.672804,1371.6484307156368
ARG,"GDP per capita, PPP (constant 2021 international $)",2012,28825.96669,2010,-599.7926999999981,-599.7926999999981,-2.0383253055614614,27942.733224000003,1404.7712270408392
ARG,"GDP per capita, PPP (constant 2021 international $)",2013,29227.66018,2010,401.69348999999784,401.69348999999784,1.3935126419866162,28256.568192,1497.607031925133
ARG,"GDP per capita, PPP (constant 2021 international $)",2014,28200.81526,2010,-1026.8449199999995,-1026.8449199999995,-3.5132641945202714,28747.291707999997,606.9241026357508
ARG,"GDP per capita, PPP (constant 2021 international $)",2015,28669.20613,2010,468.39086999999927,468.39086999999927,1.660912515051871,28869.881530000002,481.36643023356356
ARG,"GDP per capita, PPP (constant 2021 international $)",2016,27802.10572,2010,-867.1004099999991,-867.1004099999991,-3.0245009438634174,28545.150795999994,554.6957043698194
ARG,"GDP per capita, PPP (constant 2021 international $)",2017,28334.90418,2010,532.7984600000018,532.7984600000018,1.9163960649812406,28446.938294,535.692750850769
ARG,"GDP per capita, PPP (constant 2021 international $)",2018,27367.11509,2010,-967.789090000002,-967.789090000002,-3.4155368370121675,28074.829275999997,502.99919867955003
ARG,"GDP per capita, PPP (constant 2021 international $)",2019,26629.55294,2010,-737.5621499999979,-737.5621499999979,-2.6950672278551746,27760.576812000003,804.8619352217909
ARG,"GDP per capita, PPP (constant 2021 international $)",2020,23877.09314,2020,-2752.4598000000005,-2752.4598000000005,-10.336109683109084,26802.154214,1750.2985281411293
ARG,"GDP per capita, PPP (constant 2021 international $)",2021,26300.27426,2020,2423.1811199999975,2423.1811199999975,10.148559985053506,26501.787922,1662.4575691937418
ARG,"GDP per capita, PPP (constant 2021 international $)",2022,27825.02735,2020,1524.753090000002,1524.753090000002,5.797479809246675,26399.812556,1532.4582514373703
ARG,"GDP per capita, PPP (constant 2021 international $)",2023,27230.39685,2020,-594.6304999999993,-594.6304999999993,-2.137034736822996,26372.468908,1511.966506848023
ARG,"GDP per capita, PPP (constant 2021 international $)",2024,26771.96577,2020,-458.4310800000021,-458.4310800000021,-1.6835269883332726,26400.951474,1519.3436191106998
ARG,"GDP per capita, PPP (constant 2021 international $)",2025,27846.59846,2020,1074.6326900000022,1074.6326900000022,4.0140223517102,27194.852538,671.2413784655881
ARG,Gross capital formation (% of GDP),1976,30.72943959,1970,,,,,
ARG,Gross capital formation (% of GDP),1977,30.9416888,1970,0.21224921000000307,0.21224921000000307,0.6907031590288826,,
ARG,Gross capital formation (% of GDP),1978,27.80015957,1970,-3.1415292299999997,-3.1415292299999997,-10.153063235514148,29.823762653333333,1.755701999470164
ARG,Gross capital formation (% of GDP),1979,25.85676946,1970,-1.9433901100000028,-1.9433901100000028,-6.990571781095722,28.832014355,2.447294783282949
ARG,Gross capital formation (% of GDP),1980,25.25778629,1980,-0.5989831700000003,-0.5989831700000003,-2.3165429499095724,28.117168742,2.6546110956860858
ARG,Gross capital formation (% of GDP),1981,22.69108872,1980,-2.5666975699999988,-2.5666975699999988,-10.162005254657647,26.509498567999998,3.0774668461800525
ARG,Gross capital formation (% of GDP),1982,21.75494795,1980,-0.9361407700000015,-0.9361407700000015,-4.12558772102849,24.672150397999996,2.4477238710088245
ARG,Gross capital formation (% of GDP),1983,20.88775231,1980,-0.8671956399999985,-0.8671956399999985,-3.9861995624769997,23.289668946,2.1763709057481084
ARG,Gross capital formation (% of GDP),1984,19.96409245,1980,-0.9236598600000008,-0.9236598600000008,-4.42201653050912,22.111133543999998,2.0292293358858777
ARG,Gross capital formation (% of GDP),1985,17.58906692,1980,-2.3750255299999985,-2.3750255299999985,-11.89648633389292,20.577389669999995,1.9530039991831856
ARG,Gross capital formation (% of GDP),1986,17.46176421,1980,-0.12730271000000215,-0.12730271000000215,-0.7237604506197592,19.531524767999997,1.9382421062752957
ARG,Gross capital formation (% of GDP),1987,19.554866,1980,2.093101790000002,2.093101790000002,11.986771581770217,19.091508377999997,1.509635046929147
ARG,Gross capital formation (% of GDP),1988,18.6400389,1980,-0.9148271000000001,-0.9148271000000001,-4.678258086759579,18.641965696,1.1272623043558947
ARG,Gross capital formation (% of GDP),1989,15.51469828,1980,-3.125340620000001,-3.125340620000001,-16.766813828913207,17.752086862,1.5128815099681243
ARG,Gross capital formation (% of GDP),1990,13.99698158,1990,-1.5177166999999994,-1.5177166999999994,-9.7824441868553,17.033669794,2.272051199481412
ARG,Gross capital formation (% of GDP),1991,14.6369774,1990,0.6399958199999993,0.6399958199999993,4.572384526921702,16.468712431999997,2.480617469014354
ARG,Gross capital formation (% of GDP),1992,16.70240577,1990,2.0654283699999993,2.0654283699999993,14.1110306694878,15.898220386,1.8382610647373223
ARG,Gross capital formation (% of GDP),1993,19.68811042,1990,2.9857046500000024,2.9857046500000024,17.875895790789432,16.107834689999997,2.244037761068714
ARG,Gross capital formation (% of GDP),1994,19.96562325,1990,0.27751282999999916,0.27751282999999916,1.4095452741777148,16.998019684000003,2.770893224552985
ARG,Gross capital formation (% of GDP),1995,18.50041051,1990,-1.465212740000002,-1.465212740000002,-7.338677694421591,17.89870547,2.23081661697973
ARG,Gross capital formation (% of GDP),1996,19.62387245,1990,1.123461940000002,1.123461940000002,6.072632493169494,18.89608448,1.348116999066214
ARG,Gross capital formation (% of GDP),1997,20.82605155,1990,1.2021790999999986,1.2021790999999986,6.126105349813349,19.720813636,0.8338665177173222
ARG,Gross capital formation (% of GDP),1998,20.97076915,1990,0.1447175999999999,0.1447175999999999,0.6948873609217587,19.977345382,1.0016998153879868
ARG,Gross capital formation (% of GDP),1999,17.86292788,1990,-3.107841269999998,-3.107841269999998,-14.819872593943451,19.556806308,1.3784020169361557
ARG,Gross capital formation (% of GDP),2000,17.53348744,2000,-0.3294404400000026,-0.3294404400000026,-1.8442689922566147,19.363421694,1.611740332380477
ARG,Gross capital formation (% of GDP),2001,15.62596533,2000,-1.9075221099999986,-1.9075221099999986,-10.879308047116032,18.56384027,2.2964603635030043
ARG,Gross capital formation (% of GDP),2002,10.85390524,2000,-4.77206009,-4.77206009,-30.53929782397642,16.569411008,3.725979022029434
ARG,Gross capital formation (% of GDP),2003,14.1469621,2000,3.29305686,3.29305686,30.33983425490088,15.204649598,2.859856437699637
ARG,Gross capital formation (% of GDP),2004,17.55127036,2000,3.4043082600000005,3.4043082600000005,24.063881955264456,15.142318094,2.789976472622587
ARG,Gross capital formation (% of GDP),2005,18.88826414,2000,1.3369937800000002,1.3369937800000002,7.617646771865916,15.413273434,3.1258283633330994
ARG,Gross capital formation (% of GDP),2006,18.68048724,2000,-0.20777689999999893,-0.20777689999999893,-1.1000317364261436,16.024177815999998,3.458563257330627
ARG,Gross capital formation (% of GDP),2007,20.0991132,2000,1.41862596,1.41862596,7.594159305236614,17.873219408,2.2707512550221156
ARG,Gross capital formation (% of GDP),2008,19.57277588,2000,-0.5263373200000032,-0.5263373200000032,-2.6187091677258856,18.958382164,0.9670642028562916
ARG,Gross capital formation (% of GDP),2009,16.05311236,2000,-3.519663519999998,-3.519663519999998,-17.98244429701199,18.658750563999998,1.5614565488886902
ARG,Gross capital formation (% of GDP),2010,17.70553381,2010,1.6524214499999985,1.6524214499999985,10.29346467490868,18.422204498,1.606919545909742
ARG,Gross capital formation (% of GDP),2011,18.39845892,2010,0.6929251100000009,0.6929251100000009,3.9136075615446186,18.365798834,1.6005239447685706
ARG,Gross capital formation (% of GDP),2012,16.50198653,2010,-1.8964723899999996,-1.8964723899999996,-10.307778484307962,17.6463735,1.4255052743031875
ARG,Gross capital formation (% of GDP),2013,17.3057789,2010,0.80379237,0.80379237,4.8708824755052005,17.192974104,0.936133622764191
ARG,Gross capital formation (% of GDP),2014,17.26288101,2010,-0.042897889999998995,-0.042897889999998995,-0.24788187950326446,17.434927834,0.6925097077741352
ARG,Gross capital formation (% of GDP),2015,17.07070488,2010,-0.19217613,-0.19217613,-1.113233242404188,17.307962048,0.6886777173225223
ARG,Gross capital formation (% of GDP),2016,17.66322786,2010,0.5925229799999983,0.5925229799999983,3.4709930501709785,17.160915836,0.42603562655096955
ARG,Gross capital formation (% of GDP),2017,18.21256717,2010,0.5493393100000006,0.5493393100000006,3.1100731664342574,17.503031964,0.4507191179583267
ARG,Gross capital formation (% of GDP),2018,16.61388502,2010,-1.5986821499999984,-1.5986821499999984,-8.777906678819946,17.364653188,0.6059127374678984
ARG,Gross capital formation (% of GDP),2019,14.2100304,2010,-2.4038546200000006,-2.4038546200000006,-14.468949418550869,16.754083066,1.544816248835266
ARG,Gross capital formation (% of GDP),2020,14.41515574,2020,0.2051253399999986,0.2051253399999986,1.4435249906291414,16.222973238,1.8375100262909927
ARG,Gross capital formation (% of GDP),2021,18.07628925,2020,3.661133509999999,3.661133509999999,25.397807530035045,16.305585516,1.925622971186285
ARG,Gross capital formation (% of GDP),2022,17.38558614,2020,-0.6907031099999976,-0.6907031099999976,-3.821044797676032,16.14018931,1.7482232482575708
ARG,Gross capital formation (% of GDP),2023,19.38226329,2020,1.99667715,1.99667715,11.484669736881248,16.693864964,2.2901424911974413
ARG,Gross capital formation (% of GDP),2024,15.83780024,2020,-3.544463050000001,-3.544463050000001,-18.287147362345014,17.019418932,1.937298135284393
ARG,Gross capital formation (% of GDP),2025,16.11358848,2020,0.2757882400000007,0.2757882400000007,1.7413291986311918,17.35910548,1.4554985005153143
ARG,"Inflation, GDP deflator (annual %)",1976,438.3227797,1970,,,,,
ARG,"Inflation, GDP deflator (annual %)",1977,159.4271777,1970,-278.89560200000005,-278.89560200000005,-63.62790503174025,,
ARG,"Inflation, GDP deflator (annual %)",1978,161.372172,1970,1.944994300000019,1.944994300000019,1.2199891687601605,253.04070979999997,160.4619263891847
ARG,"Inflation, GDP deflator (annual %)",1979,147.377044,1970,-13.995127999999994,-13.995127999999994,-8.67257831790229,226.62479335,141.26767422612627
ARG,"Inflation, GDP deflator (annual %)",1980,95.79042461,1980,-51.58661939000001,-51.58661939000001,-35.003157879866286,200.457919602,135.61321191042953
ARG,"Inflation, GDP deflator (annual %)",1981,105.2763664,1980,9.485941789999998,9.485941789999998,9.90280795666263,133.848636942,31.062946965626935
ARG,"Inflation, GDP deflator (annual %)",1982,194.5352997,1980,89.2589333,89.2589333,84.78534770174211,140.870261342,40.74837401688129
ARG,"Inflation, GDP deflator (annual %)",1983,380.1585285,1980,185.6232288,185.6232288,95.4187898475271,184.62753264199998,116.08916017529297
ARG,"Inflation, GDP deflator (annual %)",1984,611.1963039,1980,231.0377754,231.0377754,60.77406084025285,277.391384622,218.77752911260944
ARG,"Inflation, GDP deflator (annual %)",1985,607.4474978,1980,-3.7488061000000243,-3.7488061000000243,-0.6133554925118467,379.72279926,231.86955709961794
ARG,"Inflation, GDP deflator (annual %)",1986,77.29223669,1980,-530.15526111,-530.15526111,-87.27589841592398,374.125973318,240.33348934449134
ARG,"Inflation, GDP deflator (annual %)",1987,127.5399181,1980,50.24768141,50.24768141,65.00999784950072,360.7268969979999,254.31031278157818
ARG,"Inflation, GDP deflator (annual %)",1988,381.2463444,1980,253.7064263,253.7064263,198.923152907372,360.944460178,254.33155697751312
ARG,"Inflation, GDP deflator (annual %)",1989,3046.091152,1980,2664.8448076,2664.8448076,698.9823894033382,847.9234297979999,1247.0347178962188
ARG,"Inflation, GDP deflator (annual %)",1990,2078.316818,1990,-967.7743340000002,-967.7743340000002,-31.771023443096237,1142.097293838,1345.7089446639063
ARG,"Inflation, GDP deflator (annual %)",1991,140.5023787,1990,-1937.8144392999998,-1937.8144392999998,-93.23960728782401,1154.7393222399999,1333.4460726708762
ARG,"Inflation, GDP deflator (annual %)",1992,16.07199354,1990,-124.43038516000001,-124.43038516000001,-88.56105235462466,1132.4457373279997,1355.6597438911076
ARG,"Inflation, GDP deflator (annual %)",1993,-3.561095576,1990,-19.633089116,-19.633089116,-122.15714912488696,1055.4842493328001,1418.4365519934809
ARG,"Inflation, GDP deflator (annual %)",1994,2.849339715,1990,6.410435291000001,6.410435291000001,-180.01300875503375,446.83588687579993,913.935073530452
ARG,"Inflation, GDP deflator (annual %)",1995,3.16512339,1990,0.31578367500000004,0.31578367500000004,11.082696574844885,31.805547953800005,61.18022788876681
ARG,"Inflation, GDP deflator (annual %)",1996,-0.052375497,1990,-3.217498887,-3.217498887,-101.65476951595242,3.6945971144000005,7.4310097722129145
ARG,"Inflation, GDP deflator (annual %)",1997,-0.463913131,1990,-0.411537634,-0.411537634,785.7445896885713,0.3874157802000001,2.751619897311803
ARG,"Inflation, GDP deflator (annual %)",1998,-1.705279624,1990,-1.2413664930000001,-1.2413664930000001,267.585978936216,0.7585789706000001,2.143914048668295
ARG,"Inflation, GDP deflator (annual %)",1999,-1.836558392,1990,-0.13127876799999982,-0.13127876799999982,7.698371935745341,-0.17860065079999993,2.0222140724283766
ARG,"Inflation, GDP deflator (annual %)",2000,1.037287101,2000,2.873845493,2.873845493,-156.47994125960793,-0.6041679085999999,1.1989322466579753
ARG,"Inflation, GDP deflator (annual %)",2001,-1.095767718,2000,-2.133054819,-2.133054819,-205.63784288299948,-0.8128463528000001,1.169317767978328
ARG,"Inflation, GDP deflator (annual %)",2002,30.55520405,2000,31.650971768,31.650971768,-2888.474559715036,5.3909770834,14.114397983191212
ARG,"Inflation, GDP deflator (annual %)",2003,10.49570302,2000,-20.05950103,-20.05950103,-65.6500313242058,7.8311736122,13.627119044815474
ARG,"Inflation, GDP deflator (annual %)",2004,18.36335425,2000,7.86765123,7.86765123,74.96068834081777,11.8711561406,13.025436524159412
ARG,"Inflation, GDP deflator (annual %)",2005,10.3175112,2000,-8.04584305,-8.04584305,-43.81466991521987,13.727200960400001,11.68829081761254
ARG,"Inflation, GDP deflator (annual %)",2006,13.74105249,2000,3.4235412899999993,3.4235412899999993,33.18185193731604,16.694565001999997,8.407111775090875
ARG,"Inflation, GDP deflator (annual %)",2007,14.93992502,2000,1.198872530000001,1.198872530000001,8.724750384822965,13.571509196,3.3508272264480694
ARG,"Inflation, GDP deflator (annual %)",2008,23.17116498,2000,8.23123996,8.23123996,55.09559083449804,16.106601588,4.88547625020091
ARG,"Inflation, GDP deflator (annual %)",2009,15.37764937,2000,-7.79351561,-7.79351561,-33.634543695696394,15.509460612000002,4.720356575453275
ARG,"Inflation, GDP deflator (annual %)",2010,20.91512427,2010,5.537474899999999,5.537474899999999,36.00989180311893,17.628983226,4.151206003322099
ARG,"Inflation, GDP deflator (annual %)",2011,23.70347218,2010,2.788347909999999,2.788347909999999,13.331730062916813,19.621467164000002,4.209022884128401
ARG,"Inflation, GDP deflator (annual %)",2012,22.31488067,2010,-1.3885915099999977,-1.3885915099999977,-5.858177652013508,21.096458293999998,3.366123135627594
ARG,"Inflation, GDP deflator (annual %)",2013,23.94879842,2010,1.6339177499999984,1.6339177499999984,7.322099428461781,21.251984982,3.5012009891209077
ARG,"Inflation, GDP deflator (annual %)",2014,40.28297163,2010,16.33417321,16.33417321,68.20456259867755,26.233049433999998,7.947472113885371
ARG,"Inflation, GDP deflator (annual %)",2015,26.5799916,2010,-13.702980029999999,-13.702980029999999,-34.0168053038941,27.3660229,7.383616127062803
ARG,"Inflation, GDP deflator (annual %)",2016,41.11937999,2010,14.53938839,14.53938839,54.70050031919498,30.849204462,9.126183936159846
ARG,"Inflation, GDP deflator (annual %)",2017,26.00637928,2010,-15.113000709999998,-15.113000709999998,-36.75396057449163,31.587504184,8.382150286556525
ARG,"Inflation, GDP deflator (annual %)",2018,42.03366896,2010,16.02728968,16.02728968,61.62830091586666,35.204478292,8.16090984502259
ARG,"Inflation, GDP deflator (annual %)",2019,49.19557906,2010,7.1619101,7.1619101,17.038508122656147,36.986999778,10.252739754210944
ARG,"Inflation, GDP deflator (annual %)",2020,40.0830878,2020,-9.112491259999999,-9.112491259999999,-18.5229881101434,39.687619018,8.445234015349055
ARG,"Inflation, GDP deflator (annual %)",2021,53.80208777,2020,13.718999969999999,13.718999969999999,34.22640500765013,42.224160573999995,10.609971532003572
ARG,"Inflation, GDP deflator (annual %)",2022,68.99382677,2020,15.191738999999998,15.191738999999998,28.236337342416107,50.821650072,11.557470024229573
ARG,"Inflation, GDP deflator (annual %)",2023,136.7423584,2020,67.74853163,67.74853163,98.19506295229665,69.76338796,38.876383544241186
ARG,"Inflation, GDP deflator (annual %)",2024,207.6052417,2020,70.8628833,70.8628833,51.822188917285786,101.445320488,70.00733966146822
ARG,"Inflation, GDP deflator (annual %)",2025,39.08889392,2020,-168.51634778,-168.51634778,-81.17152842581623,101.246481712,70.22626480791328
BRA,Broad money (% of GDP),1976,15.30022331,1970,,,,,
BRA,Broad money (% of GDP),1977,14.52078666,1970,-0.7794366499999992,-0.7794366499999992,-5.094282836320241,,
BRA,Broad money (% of GDP),1978,14.56909626,1970,0.04830959999999962,0.04830959999999962,0.3326927192799811,14.796702076666667,0.4367306706383007
BRA,Broad money (% of GDP),1979,15.29884068,1970,0.7297444199999994,0.7297444199999994,5.008851660919689,14.9222367275,0.4361095963442076
BRA,Broad money (% of GDP),1980,11.76865071,1980,-3.5301899700000003,-3.5301899700000003,-23.074885501716334,14.291519524,1.4600221364664077
BRA,Broad money (% of GDP),1981,11.52991524,1980,-0.23873546999999995,-0.23873546999999995,-2.028571294049397,13.53745791,1.7530394220369612
BRA,Broad money (% of GDP),1982,10.46821043,1980,-1.0617048100000002,-1.0617048100000002,-9.208262054838833,12.726942664000001,2.089333548274445
BRA,Broad money (% of GDP),1983,10.98583302,1980,0.5176225900000002,0.5176225900000002,4.9447094463881625,12.010290015999999,1.905992952212006
BRA,Broad money (% of GDP),1984,12.78522219,1980,1.7993891700000013,1.7993891700000013,16.379178226395453,11.507566317999999,0.8737183982094737
BRA,Broad money (% of GDP),1985,14.36891681,1980,1.5836946199999993,1.5836946199999993,12.386915115473629,12.027619538,1.5668774822588798
BRA,Broad money (% of GDP),1986,20.87996256,1980,6.511045749999999,6.511045749999999,45.31340696098023,13.897629002000002,4.1967847994416
BRA,Broad money (% of GDP),1987,20.65932161,1980,-0.22064094999999995,-0.22064094999999995,-1.0567114254442456,15.935851238000001,4.572740873310431
BRA,Broad money (% of GDP),1988,80.44763566,1980,59.788314050000004,59.788314050000004,289.4011486856368,29.828211766000003,28.530330703175274
BRA,Broad money (% of GDP),1989,111.3253039,1980,30.87766823999999,30.87766823999999,38.3823191156293,49.536228108,43.775569876523384
BRA,Broad money (% of GDP),1990,30.39451422,1990,-80.93078967999999,-80.93078967999999,-72.69756905644522,52.74134759,41.0594189688178
BRA,Broad money (% of GDP),1991,35.02960132,1990,4.635087099999996,4.635087099999996,15.249748906827554,55.571275342,38.736349817461225
BRA,Broad money (% of GDP),1992,60.93240882,1990,25.9028075,25.9028075,73.94548188937253,63.625892783999994,33.49452237613519
BRA,Broad money (% of GDP),1993,93.65884647,1990,32.72643765,32.72643765,53.709410613778516,66.268134946,35.60769640234957
BRA,Broad money (% of GDP),1994,45.4613038,1990,-48.19754267,-48.19754267,-51.46074768862141,53.095334926,25.528389190673046
BRA,Broad money (% of GDP),1995,32.44854688,1990,-13.012756920000001,-13.012756920000001,-28.623809332982663,53.506141458,25.084424472861194
BRA,Broad money (% of GDP),1996,35.11848156,1990,2.6699346799999972,2.6699346799999972,8.228210310538241,53.52391750600001,25.06808391986058
BRA,Broad money (% of GDP),1997,36.96512905,1990,1.8466474900000023,1.8466474900000023,5.258335235380263,48.730461552,25.58347590398413
BRA,Broad money (% of GDP),1998,39.33173174,1990,2.3666026900000006,2.3666026900000006,6.402257345832263,37.865038606,4.938274726071825
BRA,Broad money (% of GDP),1999,42.81105421,1990,3.4793224699999996,3.4793224699999996,8.84609529272662,37.334988688,3.9655166737833714
BRA,Broad money (% of GDP),2000,46.48658781,2000,3.6755336000000014,3.6755336000000014,8.585477904773132,40.142596874000006,4.565151264650636
BRA,Broad money (% of GDP),2001,58.63617172,2000,12.149583909999997,12.149583909999997,26.135675863450714,44.846134906,8.507594402656476
BRA,Broad money (% of GDP),2002,55.00498217,2000,-3.631189550000002,-3.631189550000002,-6.1927466331528125,48.45410553000001,8.147412386659738
BRA,Broad money (% of GDP),2003,56.5263638,2000,1.5213816300000005,1.5213816300000005,2.7658978695747516,51.89303194200001,6.861739758809976
BRA,Broad money (% of GDP),2004,56.33206511,2000,-0.19429868999999655,-0.19429868999999655,-0.34373109632075405,54.597234121999996,4.716806092606804
BRA,Broad money (% of GDP),2005,60.13304446,2000,3.8009793499999986,3.8009793499999986,6.747452525622477,57.326525452,2.037798784282511
BRA,Broad money (% of GDP),2006,63.24977948,2000,3.11673502,3.11673502,5.183065397716935,58.249247004,3.3809460643878415
BRA,Broad money (% of GDP),2007,68.35919863,2000,5.109419149999994,5.109419149999994,8.078161207843614,60.920090296,5.043362798669711
BRA,Broad money (% of GDP),2008,70.48945297,2000,2.1302543400000076,2.1302543400000076,3.116265817465469,63.712708129999996,5.80982639385722
BRA,Broad money (% of GDP),2009,76.09041944,2000,5.600966470000003,5.600966470000003,7.945822011675641,67.664378996,6.2384225495332775
BRA,Broad money (% of GDP),2010,74.21938015,2010,-1.8710392899999988,-1.8710392899999988,-2.458968295575481,70.48164613399999,5.055534917979062
BRA,Broad money (% of GDP),2011,76.82527514,2010,2.605894989999996,2.605894989999996,3.5110708075618335,73.19674526600001,3.6509125711667485
BRA,Broad money (% of GDP),2012,79.05286203,2010,2.2275868899999978,2.2275868899999978,2.899549511460431,75.335477946,3.2147320698947968
BRA,Broad money (% of GDP),2013,78.62652781,2010,-0.4263342200000011,-0.4263342200000011,-0.5393027008158247,76.96289291400001,1.9648576840197975
BRA,Broad money (% of GDP),2014,81.90656401,2010,3.280036199999998,3.280036199999998,4.171666092042314,78.12612182800001,2.8441092315771987
BRA,Broad money (% of GDP),2015,88.06962765,2010,6.163063640000004,6.163063640000004,7.5245051657246265,80.89617132800001,4.404561147715082
BRA,Broad money (% of GDP),2016,93.82113793,2010,5.751510280000005,5.751510280000005,6.530639941907368,84.295343886,6.5251691761571555
BRA,Broad money (% of GDP),2017,93.0595992,2010,-0.7615387300000123,-0.7615387300000123,-0.8116920630063085,87.09669132,6.71569335732509
BRA,Broad money (% of GDP),2018,93.71303403,2010,0.653434830000009,0.653434830000009,0.7021681112076017,90.113992564,5.169959769265513
BRA,Broad money (% of GDP),2019,96.05785043,2010,2.344816399999999,2.344816399999999,2.5021240900698682,92.944249848,2.9508353672017753
BRA,Broad money (% of GDP),2020,109.1542171,2020,13.096366669999995,13.096366669999995,13.633832749092889,97.16116773799999,6.7992431883993945
BRA,Broad money (% of GDP),2021,103.4656345,2020,-5.688582600000004,-5.688582600000004,-5.211509688891358,99.090067052,6.980438219715648
BRA,Broad money (% of GDP),2022,104.3022143,2020,0.8365798000000098,0.8365798000000098,0.8085581304776213,101.338590072,6.332983667288003
BRA,Broad money (% of GDP),2023,110.1845393,2020,5.8823249999999945,5.8823249999999945,5.6396933080259615,104.632891126,5.618414904207622
BRA,Broad money (% of GDP),2024,116.3965549,2020,6.212015600000001,6.212015600000001,5.637828718497895,108.70063202000001,5.205435300946329
BRA,Broad money (% of GDP),2025,118.2299013,2020,1.8333463999999964,1.8333463999999964,1.575086480501997,110.51576886000001,6.754884372357525
BRA,Domestic credit to private sector (% of GDP),1976,54.46879498,1970,,,,,
BRA,Domestic credit to private sector (% of GDP),1977,54.39278096,1970,-0.07601401999999524,-0.07601401999999524,-0.13955517104409232,,
BRA,Domestic credit to private sector (% of GDP),1978,50.42510735,1970,-3.9676736100000056,-3.9676736100000056,-7.294485665143324,53.095561096666664,2.312993070163347
BRA,Domestic credit to private sector (% of GDP),1979,51.01291063,1970,0.5878032800000028,0.5878032800000028,1.165695644275111,52.57489848,2.156613750765885
BRA,Domestic credit to private sector (% of GDP),1980,42.05373828,1980,-8.959172350000003,-8.959172350000003,-17.56255865300741,50.47066644,5.062331433569636
BRA,Domestic credit to private sector (% of GDP),1981,44.69143382,1980,2.637695540000003,2.637695540000003,6.272202300869978,48.515194208000004,5.020058211224327
BRA,Domestic credit to private sector (% of GDP),1982,45.65257234,1980,0.9611385199999987,0.9611385199999987,2.150610168094169,46.767152484,3.846240578927839
BRA,Domestic credit to private sector (% of GDP),1983,50.47614083,1980,4.8235684899999995,4.8235684899999995,10.565819717838053,46.777359180000005,3.8584228069840654
BRA,Domestic credit to private sector (% of GDP),1984,50.39323009,1980,-0.08291073999999554,-0.08291073999999554,-0.16425728797142547,46.653423071999995,3.694845456432359
BRA,Domestic credit to private sector (% of GDP),1985,44.24583339,1980,-6.147396700000002,-6.147396700000002,-12.198854268759973,47.091842094,3.093778575000758
BRA,Domestic credit to private sector (% of GDP),1986,44.24583339,1980,0.0,0.0,0.0,47.002722008,3.1852769580229503
BRA,Domestic credit to private sector (% of GDP),1987,44.24583339,1980,0.0,0.0,0.0,46.721374218,3.3899006264423086
BRA,Domestic credit to private sector (% of GDP),1988,105.3910076,1980,61.14517420999999,61.14517420999999,138.19419711465852,57.704347572,26.79022580822594
BRA,Domestic credit to private sector (% of GDP),1989,127.7470501,1980,22.3560425,22.3560425,21.212476291003778,73.175111574,40.393903747921335
BRA,Domestic credit to private sector (% of GDP),1990,42.08278959,1990,-85.66426050999999,-85.66426050999999,-67.05772105339598,72.74250281399999,40.79081832471206
BRA,Domestic credit to private sector (% of GDP),1991,45.15931635,1990,3.07652676,3.07652676,7.310653095894248,72.925199406,40.63301784085843
BRA,Domestic credit to private sector (% of GDP),1992,84.4659027,1990,39.30658635,39.30658635,87.03981708970225,80.969213268,37.38756329918507
BRA,Domestic credit to private sector (% of GDP),1993,134.1135891,1990,49.64768640000001,49.64768640000001,58.77837661468575,86.713729568,43.744207800507176
BRA,Domestic credit to private sector (% of GDP),1994,69.52319942,1990,-64.59038968000002,-64.59038968000002,-48.16095826936602,75.068959432,37.37646465244497
BRA,Domestic credit to private sector (% of GDP),1995,43.49452482,1990,-26.028674599999995,-26.028674599999995,-37.438833104841585,75.351306478,37.06905502104195
BRA,Domestic credit to private sector (% of GDP),1996,40.77849368,1990,-2.7160311400000055,-2.7160311400000055,-6.244535723151756,74.475141944,38.00113207535812
BRA,Domestic credit to private sector (% of GDP),1997,40.85223717,1990,0.07374349000000535,0.07374349000000535,0.18083917120306214,65.75240883800001,40.08303324600245
BRA,Domestic credit to private sector (% of GDP),1998,29.53226057,1990,-11.319976600000004,-11.319976600000004,-27.70956350050976,44.836143132000004,14.813807200740516
BRA,Domestic credit to private sector (% of GDP),1999,29.8269102,1990,0.2946496300000021,0.2946496300000021,0.9977212184675066,36.896885288,6.679498195886912
BRA,Domestic credit to private sector (% of GDP),2000,31.14098578,2000,1.3140755800000008,1.3140755800000008,4.405671157986735,34.42617748,5.863922129958153
BRA,Domestic credit to private sector (% of GDP),2001,29.00403802,2000,-2.1369477600000018,-2.1369477600000018,-6.862171207734969,32.071286348,4.9714797843775465
BRA,Domestic credit to private sector (% of GDP),2002,29.64514194,2000,0.641103919999999,0.641103919999999,2.210395392386122,29.829867302000004,0.7943122240543744
BRA,Domestic credit to private sector (% of GDP),2003,27.68566994,2000,-1.959471999999998,-1.959471999999998,-6.609757524406035,29.460549176,1.260035793781695
BRA,Domestic credit to private sector (% of GDP),2004,29.37277026,2000,1.687100319999999,1.687100319999999,6.09376736649776,29.369721188,1.2432816382070746
BRA,Domestic credit to private sector (% of GDP),2005,31.83978415,2000,2.4670138900000005,2.4670138900000005,8.398982690984358,29.509480861999997,1.504091576051785
BRA,Domestic credit to private sector (% of GDP),2006,35.42516668,2000,3.585382529999997,3.585382529999997,11.260699862502044,30.793706594000003,2.9808913706181013
BRA,Domestic credit to private sector (% of GDP),2007,40.69093794,2000,5.265771260000001,5.265771260000001,14.864492544428586,33.002865794,5.190783157453328
BRA,Domestic credit to private sector (% of GDP),2008,45.782256,2000,5.091318059999999,5.091318059999999,12.512166879778741,36.622183006,6.658075473303451
BRA,Domestic credit to private sector (% of GDP),2009,47.49428985,2000,1.7120338500000045,1.7120338500000045,3.739513950557627,40.246486923999996,6.6575277627688525
BRA,Domestic credit to private sector (% of GDP),2010,52.76465763,2010,5.270367780000001,5.270367780000001,11.096845108423082,44.43146162,6.628585518636805
BRA,Domestic credit to private sector (% of GDP),2011,58.07849111,2010,5.3138334799999996,5.3138334799999996,10.070819595309487,48.962126506000004,6.675440579467719
BRA,Domestic credit to private sector (% of GDP),2012,62.5192932,2010,4.440802089999998,4.440802089999998,7.646207752865286,53.327797558,7.041569738404127
BRA,Domestic credit to private sector (% of GDP),2013,64.23057383,2010,1.7112806299999974,1.7112806299999974,2.7372040571949308,57.017461124,6.931847957176991
BRA,Domestic credit to private sector (% of GDP),2014,66.02851039,2010,1.7979365599999966,1.7979365599999966,2.7991911838723738,60.72430523199999,5.338698716938016
BRA,Domestic credit to private sector (% of GDP),2015,66.82970065,2010,0.8011902600000127,0.8011902600000127,1.2134004769572382,63.537313835999996,3.477124968712019
BRA,Domestic credit to private sector (% of GDP),2016,62.19400696,2010,-4.635693690000004,-4.635693690000004,-6.936577068148219,64.360417006,2.060329212714343
BRA,Domestic credit to private sector (% of GDP),2017,59.4843093,2010,-2.7096976600000033,-2.7096976600000033,-4.356846893210697,63.753420226,2.98011282906778
BRA,Domestic credit to private sector (% of GDP),2018,60.21834794,2010,0.7340386400000014,0.7340386400000014,1.234003804764705,62.950975048,3.3381791100409663
BRA,Domestic credit to private sector (% of GDP),2019,62.79050508,2010,2.5721571400000016,2.5721571400000016,4.271384433466752,62.303373986,2.8736453432317077
BRA,Domestic credit to private sector (% of GDP),2020,68.69615485,2020,5.905649769999997,5.905649769999997,9.405322926572634,62.676664826,3.6302422124583007
BRA,Domestic credit to private sector (% of GDP),2021,68.80522468,2020,0.1090698299999957,0.1090698299999957,0.15877137554227705,63.99890837,4.5083057073765636
BRA,Domestic credit to private sector (% of GDP),2022,70.60609738,2020,1.8008726999999993,1.8008726999999993,2.617348767300043,66.223265986,4.467487807380941
BRA,Domestic credit to private sector (% of GDP),2023,71.07554055,2020,0.46944317000000524,0.46944317000000524,0.6648762464146252,68.39470450799999,3.3069468799606527
BRA,Domestic credit to private sector (% of GDP),2024,75.63087309,2020,4.555332539999995,4.555332539999995,6.409142307958149,70.96277811,2.816188250961185
BRA,Domestic credit to private sector (% of GDP),2025,75.10299273,2020,-0.5278803599999975,-0.5278803599999975,-0.6979694117398627,72.244145686,2.97984675915453
BRA,"GDP per capita, PPP (constant 2021 international $)",1976,75.10299273,1970,,,,,
BRA,"GDP per capita, PPP (constant 2021 international $)",1977,75.10299273,1970,0.0,0.0,0.0,,
BRA,"GDP per capita, PPP (constant 2021 international $)",1978,75.10299273,1970,0.0,0.0,0.0,75.10299273,0.0
BRA,"GDP per capita, PPP (constant 2021 international $)",1979,75.10299273,1970,0.0,0.0,0.0,75.10299273,0.0
BRA,"GDP per capita, PPP (constant 2021 international $)",1980,75.10299273,1980,0.0,0.0,0.0,75.10299273,0.0
BRA,"GDP per capita, PPP (constant 2021 international $)",1981,75.10299273,1980,0.0,0.0,0.0,75.10299273,0.0
BRA,"GDP per capita, PPP (constant 2021 international $)",1982,75.10299273,1980,0.0,0.0,0.0,75.10299273,0.0
BRA,"GDP per capita, PPP (constant 2021 international $)",1983,75.10299273,1980,0.0,0.0,0.0,75.10299273,0.0
BRA,"GDP per capita, PPP (constant 2021 international $)",1984,75.10299273,1980,0.0,0.0,0.0,75.10299273,0.0
BRA,"GDP per capita, PPP (constant 2021 international $)",1985,75.10299273,1980,0.0,0.0,0.0,75.10299273,0.0
BRA,"GDP per capita, PPP (constant 2021 international $)",1986,75.10299273,1980,0.0,0.0,0.0,75.10299273,0.0
BRA,"GDP per capita, PPP (constant 2021 international $)",1987,75.10299273,1980,0.0,0.0,0.0,75.10299273,0.0
BRA,"GDP per capita, PPP (constant 2021 international $)",1988,75.10299273,1980,0.0,0.0,0.0,75.10299273,0.0
BRA,"GDP per capita, PPP (constant 2021 international $)",1989,75.10299273,1980,0.0,0.0,0.0,75.10299273,0.0
BRA,"GDP per capita, PPP (constant 2021 international $)",1990,12633.28846,1990,12558.18546727,12558.18546727,16721.285012459448,2586.740086184,5616.191275773136
BRA,"GDP per capita, PPP (constant 2021 international $)",1991,12546.5605,1990,-86.72796000000017,-86.72796000000017,-0.6865034410842519,5081.031587638,6854.718613834647
BRA,"GDP per capita, PPP (constant 2021 international $)",1992,12271.97885,1990,-274.5816500000001,-274.5816500000001,-2.188501382510366,7520.406759091999,6797.909869890662
BRA,"GDP per capita, PPP (constant 2021 international $)",1993,12669.42872,1990,397.4498700000004,397.4498700000004,3.238677925198674,10039.271904546,5572.3151667915645
BRA,"GDP per capita, PPP (constant 2021 international $)",1994,13202.9308,1990,533.5020800000002,533.5020800000002,4.210940301971244,12664.837466,338.70643200996847
BRA,"GDP per capita, PPP (constant 2021 international $)",1995,13550.43937,1990,347.50856999999996,347.50856999999996,2.632056285563511,12848.267648,518.1578964431997
BRA,"GDP per capita, PPP (constant 2021 international $)",1996,13641.6296,1990,91.19023000000016,91.19023000000016,0.67296880573402,13067.281468000001,585.7711028118753
BRA,"GDP per capita, PPP (constant 2021 international $)",1997,13896.62499,1990,254.99539000000004,254.99539000000004,1.8692443459980668,13392.210696,474.32071080654214
BRA,"GDP per capita, PPP (constant 2021 international $)",1998,13737.70264,1990,-158.92235000000073,-158.92235000000073,-1.14360393343248,13605.865479999999,259.14745402381175
BRA,"GDP per capita, PPP (constant 2021 international $)",1999,13602.41371,1990,-135.2889299999988,-135.2889299999988,-0.9848002504150744,13685.762062,136.35234779892053
BRA,"GDP per capita, PPP (constant 2021 international $)",2000,14005.34719,2000,402.9334799999997,402.9334799999997,2.9622204455065138,13776.743626000001,170.8815738533053
BRA,"GDP per capita, PPP (constant 2021 international $)",2001,14016.13138,2000,10.784190000000308,10.784190000000308,0.07700051882826298,13851.643982,178.74732811215227
BRA,"GDP per capita, PPP (constant 2021 international $)",2002,14265.90488,2000,249.77349999999933,249.77349999999933,1.7820430847017343,13925.499960000001,259.8642445240987
BRA,"GDP per capita, PPP (constant 2021 international $)",2003,14259.36641,2000,-6.538469999999506,-6.538469999999506,-0.04583284449881653,14029.832714,270.1342525387243
BRA,"GDP per capita, PPP (constant 2021 international $)",2004,14911.26096,2000,651.8945499999991,651.8945499999991,4.571693659143428,14291.602164000002,368.6131375434137
BRA,"GDP per capita, PPP (constant 2021 international $)",2005,15221.01383,2000,309.75287000000026,309.75287000000026,2.0773083566233863,14534.735492000002,507.3947278780547
BRA,"GDP per capita, PPP (constant 2021 international $)",2006,15657.47957,2000,436.46573999999964,436.46573999999964,2.867520816121605,14863.00513,608.8096794260287
BRA,"GDP per capita, PPP (constant 2021 international $)",2007,16440.58374,2000,783.1041699999987,783.1041699999987,5.001470169569555,15297.940901999998,816.8501754306894
BRA,"GDP per capita, PPP (constant 2021 international $)",2008,17113.36798,2000,672.7842400000009,672.7842400000009,4.092216253630432,15868.741216,902.3649960235995
BRA,"GDP per capita, PPP (constant 2021 international $)",2009,16939.44078,2000,-173.92719999999827,-173.92719999999827,-1.0163236144005272,16274.37718,816.0846744461663
BRA,"GDP per capita, PPP (constant 2021 international $)",2010,18062.15811,2010,1122.7173299999995,1122.7173299999995,6.627829953663911,16842.606036,885.4579219331571
BRA,"GDP per capita, PPP (constant 2021 international $)",2011,18627.81045,2010,565.6523400000005,565.6523400000005,3.1316985299050693,17436.672211999998,887.9752077158281
BRA,"GDP per capita, PPP (constant 2021 international $)",2012,18832.21955,2010,204.40910000000076,204.40910000000076,1.0973329396316789,17914.999374,861.0133037712889
BRA,"GDP per capita, PPP (constant 2021 international $)",2013,19241.50598,2010,409.2864300000001,409.2864300000001,2.1733308116620886,18340.626974000003,891.1492932712035
BRA,"GDP per capita, PPP (constant 2021 international $)",2014,19183.17274,2010,-58.33323999999993,-58.33323999999993,-0.3031635884458983,18789.373366,478.6131651642864
BRA,"GDP per capita, PPP (constant 2021 international $)",2015,18357.06906,2010,-826.1036800000002,-826.1036800000002,-4.306397545372887,18848.355556000002,373.13963144355216
BRA,"GDP per capita, PPP (constant 2021 international $)",2016,17620.92724,2010,-736.1418200000007,-736.1418200000007,-4.010127202735491,18646.978914,673.073195432223
BRA,"GDP per capita, PPP (constant 2021 international $)",2017,17724.47996,2010,103.55271999999968,103.55271999999968,0.5876689608304675,18425.430996,771.9104437517507
BRA,"GDP per capita, PPP (constant 2021 international $)",2018,17917.74921,2010,193.2692500000012,193.2692500000012,1.0904085786221263,18160.679642000003,637.3144733554749
BRA,"GDP per capita, PPP (constant 2021 international $)",2019,18018.62092,2010,100.87170999999944,100.87170999999944,0.562970877746749,17927.769278,286.41373419365897
BRA,"GDP per capita, PPP (constant 2021 international $)",2020,17327.51572,2020,-691.1052000000018,-691.1052000000018,-3.8355055199196797,17721.858610000003,270.25049658807086
BRA,"GDP per capita, PPP (constant 2021 international $)",2021,18075.706,2020,748.1902799999989,748.1902799999989,4.317931618647508,17812.814362,302.40594135809715
BRA,"GDP per capita, PPP (constant 2021 international $)",2022,18554.04618,2020,478.3401800000029,478.3401800000029,2.646315336175542,17978.727606,438.6864005871934
BRA,"GDP per capita, PPP (constant 2021 international $)",2023,19079.81221,2020,525.7660299999989,525.7660299999989,2.833700126103711,18211.140206,653.5238881314727
BRA,"GDP per capita, PPP (constant 2021 international $)",2024,19652.3655,2020,572.5532899999998,572.5532899999998,3.000832941636178,18537.889122,896.4675526032014
BRA,"GDP per capita, PPP (constant 2021 international $)",2025,20024.69683,2020,372.3313300000009,372.3313300000009,1.89458785508545,19077.325344,791.3994711510303
BRA,Gross capital formation (% of GDP),1976,23.04211984,1970,,,,,
BRA,Gross capital formation (% of GDP),1977,22.04751885,1970,-0.9946009900000021,-0.9946009900000021,-4.316447431513759,,
BRA,Gross capital formation (% of GDP),1978,23.03312674,1970,0.9856078900000007,0.9856078900000007,4.470380076350411,22.70758847666667,0.5716547498252837
BRA,Gross capital formation (% of GDP),1979,23.13792772,1970,0.10480098000000027,0.10480098000000027,0.4550010998636944,22.815173287500002,0.5139624513717397
BRA,Gross capital formation (% of GDP),1980,23.11350626,1980,-0.02442145999999923,-0.02442145999999923,-0.10554730871118467,22.874839882,0.46467038162677515
BRA,Gross capital formation (% of GDP),1981,23.58030275,1980,0.4667964900000001,0.4667964900000001,2.019583202777997,22.982476464,0.5646771996237713
BRA,Gross capital formation (% of GDP),1982,21.89985654,1980,-1.680446210000003,-1.680446210000003,-7.126482759005304,22.952944002000002,0.6262987880009957
BRA,Gross capital formation (% of GDP),1983,17.88251277,1980,-4.0173437699999965,-4.0173437699999965,-18.344155646236015,21.922821208,2.343399210590362
BRA,Gross capital formation (% of GDP),1984,17.46922541,1980,-0.41328736000000177,-0.41328736000000177,-2.3111257646819094,20.789080746000003,2.911068273046889
BRA,Gross capital formation (% of GDP),1985,20.29909322,1980,2.8298678099999997,2.8298678099999997,16.199160200772745,20.226198138,2.605293822916997
BRA,Gross capital formation (% of GDP),1986,19.96083966,1980,-0.3382535599999983,-0.3382535599999983,-1.66634812862837,19.50230552,1.8269180589554501
BRA,Gross capital formation (% of GDP),1987,23.17360166,1980,3.212761999999998,3.212761999999998,16.095324919813514,19.757054544,2.2779485016392105
BRA,Gross capital formation (% of GDP),1988,24.34422669,1980,1.17062503,1.17062503,5.051545492044163,21.049397327999998,2.7355844705594485
BRA,Gross capital formation (% of GDP),1989,26.90278704,1980,2.5585603500000005,2.5585603500000005,10.509926573477868,22.936109654,2.8974045599024465
BRA,Gross capital formation (% of GDP),1990,20.1677066,1990,-6.735080440000001,-6.735080440000001,-25.034879954950572,22.90983233,2.927736328735966
BRA,Gross capital formation (% of GDP),1991,19.76876887,1990,-0.3989377300000001,-0.3989377300000001,-1.9781016151831587,22.871418172,2.9769490966743377
BRA,Gross capital formation (% of GDP),1992,18.93453994,1990,-0.8342289299999983,-0.8342289299999983,-4.219933651336161,22.023605828,3.4373925509294976
BRA,Gross capital formation (% of GDP),1993,20.84635521,1990,1.9118152699999982,1.9118152699999982,10.0969723904472,21.324031532,3.194381280117274
BRA,Gross capital formation (% of GDP),1994,22.14556295,1990,1.29920774,1.29920774,6.232301651354244,20.372586714,1.2085582004272915
BRA,Gross capital formation (% of GDP),1995,17.29234635,1990,-4.8532166,-4.8532166,-21.915074414488977,19.797514663999998,1.8462676688881283
BRA,Gross capital formation (% of GDP),1996,17.26694638,1990,-0.025399969999998717,-0.025399969999998717,-0.1468856191398138,19.297150166,2.167137719766932
BRA,Gross capital formation (% of GDP),1997,17.76398561,1990,0.4970392299999986,0.4970392299999986,2.878558947607024,19.063039299999996,2.2765660257076354
BRA,Gross capital formation (% of GDP),1998,18.16475192,1990,0.4007663100000016,0.4007663100000016,2.2560607669846133,18.526718642,2.0566670135710723
BRA,Gross capital formation (% of GDP),1999,17.38955974,1990,-0.7751921800000012,-0.7751921800000012,-4.2675627138430094,17.575518,0.3849349798969928
BRA,Gross capital formation (% of GDP),2000,18.90311927,2000,1.513559530000002,1.513559530000002,8.703840422816844,17.897672584,0.662593545051192
BRA,Gross capital formation (% of GDP),2001,18.7418603,2000,-0.16125897000000222,-0.16125897000000222,-0.853081270327305,18.192655367999997,0.639508398092848
BRA,Gross capital formation (% of GDP),2002,17.44907948,2000,-1.2927808199999973,-1.2927808199999973,-6.897825505614286,18.129674142000002,0.7044852962578447
BRA,Gross capital formation (% of GDP),2003,16.8566884,2000,-0.5923910800000023,-0.5923910800000023,-3.3949703804088682,17.868061438,0.9030855918639336
BRA,Gross capital formation (% of GDP),2004,17.91256834,2000,1.0558799400000005,1.0558799400000005,6.263863428833383,17.972663158,0.8632154619692132
BRA,Gross capital formation (% of GDP),2005,17.20488345,2000,-0.7076848899999995,-0.7076848899999995,-3.9507728683423338,17.633015994,0.7292975830761882
BRA,Gross capital formation (% of GDP),2006,17.81647388,2000,0.6115904299999997,0.6115904299999997,3.5547490442313867,17.447938710000003,0.43599109923425233
BRA,Gross capital formation (% of GDP),2007,19.81932598,2000,2.0028520999999984,2.0028520999999984,11.241574025757783,17.92198801,1.1467579892086395
BRA,Gross capital formation (% of GDP),2008,21.61938285,2000,1.8000568700000024,1.8000568700000024,9.08233141639867,18.8745269,1.8206749574152228
BRA,Gross capital formation (% of GDP),2009,18.79613503,2000,-2.8232478200000024,-2.8232478200000024,-13.058873324869225,19.051240238,1.7452845181534877
BRA,Gross capital formation (% of GDP),2010,21.80132156,2010,3.005186530000003,3.005186530000003,15.988321669340566,19.970527859999997,1.740153543974824
BRA,Gross capital formation (% of GDP),2011,21.82627112,2010,0.024949559999999593,0.024949559999999593,0.11444058531651091,20.772487308000002,1.387504697607529
BRA,Gross capital formation (% of GDP),2012,21.41722537,2010,-0.40904575000000065,-0.40904575000000065,-1.8740981808165191,21.092067186,1.2939466085214024
BRA,Gross capital formation (% of GDP),2013,21.69376696,2010,0.2765415900000008,0.2765415900000008,1.2912110939793608,21.106944008,1.3019279465646274
BRA,Gross capital formation (% of GDP),2014,20.54841076,2010,-1.145356200000002,-1.145356200000002,-5.279655682260554,21.457399154,0.5334071432101726
BRA,Gross capital formation (% of GDP),2015,17.41162587,2010,-3.1367848899999977,-3.1367848899999977,-15.26534059804826,20.579460016000002,1.8394432524359736
BRA,Gross capital formation (% of GDP),2016,14.96954697,2010,-2.442078900000002,-2.442078900000002,-14.02556497729297,19.208115186000004,2.9175271702468155
BRA,Gross capital formation (% of GDP),2017,14.6255876,2010,-0.3439593700000003,-0.3439593700000003,-2.297727317261633,17.849787631999998,3.1992960830522494
BRA,Gross capital formation (% of GDP),2018,15.09504163,2010,0.4694540300000014,0.4694540300000014,3.2098131223117665,16.530042566,2.5022887010405452
BRA,Gross capital formation (% of GDP),2019,15.5167908,2010,0.42174917,0.42174917,2.793958309871858,15.523718574,1.1024689664337368
BRA,Gross capital formation (% of GDP),2020,16.1158206,2020,0.5990297999999985,0.5990297999999985,3.8605263660575817,15.26455752,0.5727826549288102
BRA,Gross capital formation (% of GDP),2021,19.52188502,2020,3.40606442,3.40606442,21.13491149187898,16.17502513,1.9497031666704179
BRA,Gross capital formation (% of GDP),2022,18.08822044,2020,-1.4336645799999985,-1.4336645799999985,-7.343883946305507,16.867551698,1.8752975864114785
BRA,Gross capital formation (% of GDP),2023,15.76064721,2020,-2.3275732300000005,-2.3275732300000005,-12.867895090734539,17.000672814,1.736505369785149
BRA,Gross capital formation (% of GDP),2024,16.9814356,2020,1.220788390000001,1.220788390000001,7.7458011319828435,17.293601774000003,1.5355154637830122
BRA,Gross capital formation (% of GDP),2025,17.07599652,2020,0.09456091999999927,0.09456091999999927,0.556848797871945,17.485636958,1.4059718126030358
BRA,"Inflation, GDP deflator (annual %)",1976,41.20362402,1970,,,,,
BRA,"Inflation, GDP deflator (annual %)",1977,45.39805621,1970,4.194432190000001,4.194432190000001,10.179765226388948,,
BRA,"Inflation, GDP deflator (annual %)",1978,38.22761123,1970,-7.170444979999999,-7.170444979999999,-15.794607916319858,41.609763820000005,3.602434240296389
BRA,"Inflation, GDP deflator (annual %)",1979,54.36596003,1970,16.138348799999996,16.138348799999996,42.216472023067595,44.7988128725,7.023661704608061
BRA,"Inflation, GDP deflator (annual %)",1980,92.14194461,1980,37.77598458,37.77598458,69.48462707023772,54.26743922000001,22.02891945485387
BRA,"Inflation, GDP deflator (annual %)",1981,100.5288771,1980,8.386932490000007,8.386932490000007,9.102187419094033,66.132489836,28.313660156971476
BRA,"Inflation, GDP deflator (annual %)",1982,101.0343947,1980,0.5055175999999904,0.5055175999999904,0.5028580986706332,77.259757534,29.050814098609326
BRA,"Inflation, GDP deflator (annual %)",1983,131.4840451,1980,30.44965040000001,30.44965040000001,30.137905502788165,95.91104430800002,27.62793705871514
BRA,"Inflation, GDP deflator (annual %)",1984,201.7402821,1980,70.256237,70.256237,53.433279259522884,125.385908722,45.230540034727774
BRA,"Inflation, GDP deflator (annual %)",1985,248.5436591,1980,46.80337700000001,46.80337700000001,23.19981736557708,156.66625162,65.86649010790687
BRA,"Inflation, GDP deflator (annual %)",1986,149.1793183,1980,-99.36434080000001,-99.36434080000001,-39.978626354744925,166.39633985999998,58.70445967575298
BRA,"Inflation, GDP deflator (annual %)",1987,206.2087087,1980,57.02939039999998,57.02939039999998,38.22875117669711,187.43120266,47.13111476447291
BRA,"Inflation, GDP deflator (annual %)",1988,627.9514702,1980,421.74276150000003,421.74276150000003,204.52228431999296,286.72468768,193.98286570800047
BRA,"Inflation, GDP deflator (annual %)",1989,1304.424209,1980,676.4727388,676.4727388,107.7269137668467,507.26147306,483.6902435256481
BRA,"Inflation, GDP deflator (annual %)",1990,2736.970678,1990,1432.5464690000001,1432.5464690000001,109.82213141369259,1004.94687684,1072.6182256962659
BRA,"Inflation, GDP deflator (annual %)",1991,416.6780939,1990,-2320.2925841,-2320.2925841,-84.77593869567937,1058.44663196,1024.8719871435064
BRA,"Inflation, GDP deflator (annual %)",1992,969.0129628,1990,552.3348689,552.3348689,132.55673311987374,1211.00748278,917.4373544619012
BRA,"Inflation, GDP deflator (annual %)",1993,1996.150247,1990,1027.1372842,1027.1372842,105.99830173912719,1484.6472381400001,904.0003408851873
BRA,"Inflation, GDP deflator (annual %)",1994,2240.168866,1990,244.01861899999994,244.01861899999994,12.224461528721786,1671.7961695400002,952.900236461451
BRA,"Inflation, GDP deflator (annual %)",1995,93.97804306,1990,-2146.19082294,-2146.19082294,-95.80486790588223,1143.1976425520002,947.3524602411177
BRA,"Inflation, GDP deflator (annual %)",1996,18.45624377,1990,-75.52179929,-75.52179929,-80.36111077752847,1063.553272526,1036.267722028915
BRA,"Inflation, GDP deflator (annual %)",1997,7.729023412,1990,-10.727220358,-10.727220358,-58.12244621214169,871.2964846484001,1141.9738152979885
BRA,"Inflation, GDP deflator (annual %)",1998,4.924361585,1990,-2.8046618270000003,-2.8046618270000003,-36.2874023986719,473.0513075654,988.5248280772288
BRA,"Inflation, GDP deflator (annual %)",1999,8.010500883,1990,3.086139298000001,3.086139298000001,62.67085072307908,26.619634542,38.005381395450065
BRA,"Inflation, GDP deflator (annual %)",2000,5.606065141,2000,-2.4044357420000004,-2.4044357420000004,-30.016047399766578,8.9452389582,5.480183954122029
BRA,"Inflation, GDP deflator (annual %)",2001,8.225094321,2000,2.61902918,2.61902918,46.71778001375171,6.8990090684,1.5210010390292026
BRA,"Inflation, GDP deflator (annual %)",2002,9.798112238,2000,1.5730179169999996,1.5730179169999996,19.124618583203713,7.312826833600001,2.0070766244927043
BRA,"Inflation, GDP deflator (annual %)",2003,14.09102152,2000,4.292909282,4.292909282,43.81363652225598,9.1461588206,3.144322359290202
BRA,"Inflation, GDP deflator (annual %)",2004,7.752060763,2000,-6.338960757,-6.338960757,-44.985814179637984,9.094470796600001,3.1696799751857507
BRA,"Inflation, GDP deflator (annual %)",2005,7.431224757,2000,-0.3208360060000004,-0.3208360060000004,-4.138718926602413,9.4595027198,2.7440233429137697
BRA,"Inflation, GDP deflator (annual %)",2006,6.774274088,2000,-0.6569506689999995,-0.6569506689999995,-8.840409091128231,9.169338673199999,2.974238106899648
BRA,"Inflation, GDP deflator (annual %)",2007,6.439038106,2000,-0.3352359820000004,-0.3352359820000004,-4.948662803500081,8.4975238468,3.169656071750584
BRA,"Inflation, GDP deflator (annual %)",2008,8.778552728,2000,2.3395146219999994,2.3395146219999994,36.33329362999114,7.4350300884000005,0.9129861077144942
BRA,"Inflation, GDP deflator (annual %)",2009,7.313482743,2000,-1.4650699849999995,-1.4650699849999995,-16.689197301589644,7.3473144844,0.8958194159719722
BRA,"Inflation, GDP deflator (annual %)",2010,8.423338338,2010,1.1098555950000009,1.1098555950000009,15.175472944983493,7.5457372006,1.0202816072385867
BRA,"Inflation, GDP deflator (annual %)",2011,8.318592222,2010,-0.10474611600000117,-0.10474611600000117,-1.2435226010982237,7.8546008274000005,0.9603468230903159
BRA,"Inflation, GDP deflator (annual %)",2012,7.943126935,2010,-0.37546528699999904,-0.37546528699999904,-4.513567644378746,8.1554185932,0.556917070775424
BRA,"Inflation, GDP deflator (annual %)",2013,7.504564534,2010,-0.43856240100000043,-0.43856240100000043,-5.521281537974065,7.9006209544,0.48768129132087235
BRA,"Inflation, GDP deflator (annual %)",2014,7.846709752,2010,0.34214521799999975,0.34214521799999975,4.559161513634602,8.0072663562,0.37169917186168355
BRA,"Inflation, GDP deflator (annual %)",2015,7.566175007,2010,-0.28053474499999975,-0.28053474499999975,-3.5751895235897613,7.835833689999999,0.3267801197089987
BRA,"Inflation, GDP deflator (annual %)",2016,8.103604376,2010,0.5374293689999998,0.5374293689999998,7.10305231511017,7.7928361208,0.25325006013058243
BRA,"Inflation, GDP deflator (annual %)",2017,3.671384503,2010,-4.432219872999999,-4.432219872999999,-54.694425682066395,6.9384876344,1.841925744960008
BRA,"Inflation, GDP deflator (annual %)",2018,4.493534328,2010,0.8221498249999999,0.8221498249999999,22.39345468523377,6.336281593200001,2.0865554649775717
BRA,"Inflation, GDP deflator (annual %)",2019,4.224258863,2010,-0.26927546499999977,-0.26927546499999977,-5.992509355544417,5.611791415400001,2.0597130585989034
BRA,"Inflation, GDP deflator (annual %)",2020,6.472499623,2020,2.24824076,2.24824076,53.22213512273572,5.3930563386,1.8474069503937156
BRA,"Inflation, GDP deflator (annual %)",2021,13.04727086,2020,6.574771236999999,6.574771236999999,101.58009455321677,6.3817896354,3.873099901145307
BRA,"Inflation, GDP deflator (annual %)",2022,8.570281962,2020,-4.476988898,-4.476988898,-34.313604324146,7.361569127199999,3.627911754580625
BRA,"Inflation, GDP deflator (annual %)",2023,5.159501074,2020,-3.4107808879999997,-3.4107808879999997,-39.79776748446727,7.4947624764,3.506485154547346
BRA,"Inflation, GDP deflator (annual %)",2024,4.079674485,2020,-1.0798265889999996,-1.0798265889999996,-20.928895517466074,7.4658456008,3.5406286070242294
BRA,"Inflation, GDP deflator (annual %)",2025,5.72744779,2020,1.6477733050000003,1.6477733050000003,40.38982303756031,7.316835234199999,3.6079244033697693
CHL,Broad money (% of GDP),1976,19.36229367,1970,,,,,
CHL,Broad money (% of GDP),1977,17.37293108,1970,-1.989362589999999,-1.989362589999999,-10.27441595456392,,
CHL,Broad money (% of GDP),1978,19.73822636,1970,2.365295279999998,2.365295279999998,13.614831424289498,18.824483703333332,1.2710566905461254
CHL,Broad money (% of GDP),1979,22.65199799,1970,2.913771630000003,2.913771630000003,14.76207424545921,19.781362275,2.1770445893567296
CHL,Broad money (% of GDP),1980,26.44104221,1980,3.7890442199999974,3.7890442199999974,16.727196522234888,21.113298262,3.524898541144678
CHL,Broad money (% of GDP),1981,27.51640226,1980,1.0753600500000005,1.0753600500000005,4.06701082907126,22.74411998,4.310900870176431
CHL,Broad money (% of GDP),1982,35.88017411,1980,8.36377185,8.36377185,30.395586497724068,26.445568586,6.114288679856017
CHL,Broad money (% of GDP),1983,33.01381482,1980,-2.8663592899999983,-2.8663592899999983,-7.988699500767272,29.100686278,5.301963629269283
CHL,Broad money (% of GDP),1984,36.21217616,1980,3.198361339999998,3.198361339999998,9.687948385966006,31.812721912,4.6004155956268855
CHL,Broad money (% of GDP),1985,37.64908563,1980,1.4369094700000034,1.4369094700000034,3.9680284986220116,34.054330596,4.023041317738832
CHL,Broad money (% of GDP),1986,36.6078653,1980,-1.0412203300000016,-1.0412203300000016,-2.7655926102235107,35.87262320399999,1.7309345953312785
CHL,Broad money (% of GDP),1987,35.93755771,1980,-0.6703075900000002,-0.6703075900000002,-1.8310480125155015,35.884099924,1.7311873953761387
CHL,Broad money (% of GDP),1988,36.00306973,1980,0.0655120199999999,0.0655120199999999,0.18229402378606707,36.481950906,0.7029451338369979
CHL,Broad money (% of GDP),1989,37.80707592,1980,1.8040061900000026,1.8040061900000026,5.010701041685883,36.800930858,0.8875477853332724
CHL,Broad money (% of GDP),1990,36.99722775,1990,-0.8098481700000022,-0.8098481700000022,-2.14205449718895,36.670559282,0.7721959755138026
CHL,Broad money (% of GDP),1991,35.84650329,1990,-1.1507244599999993,-1.1507244599999993,-3.11029914937343,36.518286880000005,0.857955392039222
CHL,Broad money (% of GDP),1992,35.73828515,1990,-0.10821813999999819,-0.10821813999999819,-0.3018931557270954,36.478432368,0.8954837014425517
CHL,Broad money (% of GDP),1993,37.21625341,1990,1.4779682599999973,1.4779682599999973,4.13553211575961,36.721069104,0.8988341841414597
CHL,Broad money (% of GDP),1994,34.75488304,1990,-2.4613703699999974,-2.4613703699999974,-6.613697361966664,36.110630528,1.0068406180783798
CHL,Broad money (% of GDP),1995,35.61525123,1990,0.8603681899999955,0.8603681899999955,2.47553182385849,35.834235224000004,0.884913317126659
CHL,Broad money (% of GDP),1996,38.67438823,1990,3.0591369999999998,3.0591369999999998,8.58940171513709,36.39981221199999,1.5491302608709248
CHL,Broad money (% of GDP),1997,43.3789624,1990,4.704574170000001,4.704574170000001,12.164572952056751,37.927947661999994,3.398313838720334
CHL,Broad money (% of GDP),1998,46.80886019,1990,3.4298977899999983,3.4298977899999983,7.906823031802168,39.84646901800001,5.151568339842476
CHL,Broad money (% of GDP),1999,51.89663939,1990,5.0877792,5.0877792,10.869265304364163,43.274820288,6.455017844874182
CHL,Broad money (% of GDP),2000,51.58184379,2000,-0.3147955999999965,-0.3147955999999965,-0.6065818590570538,46.4681388,5.612937003558744
CHL,Broad money (% of GDP),2001,87.55772448,2000,35.975880690000004,35.975880690000004,69.74523988802146,56.24480605,17.858580836983155
CHL,Broad money (% of GDP),2002,87.08870656,2000,-0.46901791999999887,-0.46901791999999887,-0.5356670959478116,64.986754882,20.49038528787495
CHL,Broad money (% of GDP),2003,79.32358782,2000,-7.7651187400000055,-7.7651187400000055,-8.916332606972643,71.489700408,18.32410282708482
CHL,Broad money (% of GDP),2004,76.11741803,2000,-3.206169790000004,-3.206169790000004,-4.0418870075259345,76.33385613600001,14.690894156063415
CHL,Broad money (% of GDP),2005,74.65289539,2000,-1.4645226399999984,-1.4645226399999984,-1.92403089582307,80.948066456,6.062143059300817
CHL,Broad money (% of GDP),2006,74.67754258,2000,0.024647189999996044,0.024647189999996044,0.033015718775852854,78.372030076,5.230926954554933
CHL,Broad money (% of GDP),2007,80.24159765,2000,5.564055070000009,5.564055070000009,7.450774192307397,77.002608294,2.626244520104263
CHL,Broad money (% of GDP),2008,77.25443467,2000,-2.987162980000008,-2.987162980000008,-3.722711246390553,76.58877766399999,2.313483992240804
CHL,Broad money (% of GDP),2009,71.88560249,2000,-5.368832179999998,-5.368832179999998,-6.949545618880649,75.742414556,3.151382910297718
CHL,Broad money (% of GDP),2010,67.19858831,2010,-4.687014179999991,-4.687014179999991,-6.52010140786119,74.25155314,5.0105247501992105
CHL,Broad money (% of GDP),2011,75.27888297,2010,8.080294659999993,8.080294659999993,12.024500608143796,74.371821218,5.030483341914638
CHL,Broad money (% of GDP),2012,77.62592392,2010,2.3470409500000073,2.3470409500000073,3.117794602419033,73.848686472,4.358600974919056
CHL,Broad money (% of GDP),2013,82.10723828,2010,4.481314359999999,4.481314359999999,5.772961059527448,74.819247194,5.654295412251984
CHL,Broad money (% of GDP),2014,82.86319815,2010,0.7559598699999981,0.7559598699999981,0.9206982061947366,77.014766326,6.32221442364918
CHL,Broad money (% of GDP),2015,84.36149718,2010,1.4982990299999983,1.4982990299999983,1.808159790414754,80.4473481,3.8270614084999814
CHL,Broad money (% of GDP),2016,83.17859953,2010,-1.182897650000001,-1.182897650000001,-1.4021771655807425,82.027291412,2.5909069032822605
CHL,Broad money (% of GDP),2017,78.71995953,2010,-4.458640000000003,-4.458640000000003,-5.360321074403163,82.246098534,2.131796186363299
CHL,Broad money (% of GDP),2018,77.62836625,2010,-1.091593279999998,-1.091593279999998,-1.3866791681771518,81.350324128,2.977848647308329
CHL,Broad money (% of GDP),2019,84.34607266,2010,6.717706410000005,6.717706410000005,8.653674854325576,81.64689903,3.22940661589557
CHL,Broad money (% of GDP),2020,93.45780567,2020,9.111733009999995,9.111733009999995,10.802794632453727,83.466160728,6.270888598853502
CHL,Broad money (% of GDP),2021,93.68122909,2020,0.22342342000000315,0.22342342000000315,0.23906341305393042,85.56668664,7.737894738553635
CHL,Broad money (% of GDP),2022,88.58149381,2020,-5.099735280000004,-5.099735280000004,-5.443710900825893,87.538993496,6.750212560025337
CHL,Broad money (% of GDP),2023,84.7276077,2020,-3.853886110000005,-3.853886110000005,-4.350667328173841,88.958841786,4.523963701053767
CHL,Broad money (% of GDP),2024,75.30109621,2020,-9.426511489999996,-9.426511489999996,-11.125667000273387,87.149846496,7.59537763522273
CHL,Broad money (% of GDP),2025,75.30109621,2020,0.0,0.0,0.0,83.51850460399999,8.145986134329144
CHL,Domestic credit to private sector (% of GDP),1976,75.30109621,1970,,,,,
CHL,Domestic credit to private sector (% of GDP),1977,75.30109621,1970,0.0,0.0,0.0,,
CHL,Domestic credit to private sector (% of GDP),1978,75.30109621,1970,0.0,0.0,0.0,75.30109621,0.0
CHL,Domestic credit to private sector (% of GDP),1979,75.30109621,1970,0.0,0.0,0.0,75.30109621,0.0
CHL,Domestic credit to private sector (% of GDP),1980,75.30109621,1980,0.0,0.0,0.0,75.30109621,0.0
CHL,Domestic credit to private sector (% of GDP),1981,75.30109621,1980,0.0,0.0,0.0,75.30109621,0.0
CHL,Domestic credit to private sector (% of GDP),1982,75.30109621,1980,0.0,0.0,0.0,75.30109621,0.0
CHL,Domestic credit to private sector (% of GDP),1983,75.30109621,1980,0.0,0.0,0.0,75.30109621,0.0
CHL,Domestic credit to private sector (% of GDP),1984,75.30109621,1980,0.0,0.0,0.0,75.30109621,0.0
CHL,Domestic credit to private sector (% of GDP),1985,75.30109621,1980,0.0,0.0,0.0,75.30109621,0.0
CHL,Domestic credit to private sector (% of GDP),1986,75.30109621,1980,0.0,0.0,0.0,75.30109621,0.0
CHL,Domestic credit to private sector (% of GDP),1987,75.30109621,1980,0.0,0.0,0.0,75.30109621,0.0
CHL,Domestic credit to private sector (% of GDP),1988,75.30109621,1980,0.0,0.0,0.0,75.30109621,0.0
CHL,Domestic credit to private sector (% of GDP),1989,75.30109621,1980,0.0,0.0,0.0,75.30109621,0.0
CHL,Domestic credit to private sector (% of GDP),1990,75.30109621,1990,0.0,0.0,0.0,75.30109621,0.0
CHL,Domestic credit to private sector (% of GDP),1991,75.30109621,1990,0.0,0.0,0.0,75.30109621,0.0
CHL,Domestic credit to private sector (% of GDP),1992,75.30109621,1990,0.0,0.0,0.0,75.30109621,0.0
CHL,Domestic credit to private sector (% of GDP),1993,75.30109621,1990,0.0,0.0,0.0,75.30109621,0.0
CHL,Domestic credit to private sector (% of GDP),1994,75.30109621,1990,0.0,0.0,0.0,75.30109621,0.0
CHL,Domestic credit to private sector (% of GDP),1995,75.30109621,1990,0.0,0.0,0.0,75.30109621,0.0
CHL,Domestic credit to private sector (% of GDP),1996,75.30109621,1990,0.0,0.0,0.0,75.30109621,0.0
CHL,Domestic credit to private sector (% of GDP),1997,75.30109621,1990,0.0,0.0,0.0,75.30109621,0.0
CHL,Domestic credit to private sector (% of GDP),1998,75.30109621,1990,0.0,0.0,0.0,75.30109621,0.0
CHL,Domestic credit to private sector (% of GDP),1999,75.30109621,1990,0.0,0.0,0.0,75.30109621,0.0
CHL,Domestic credit to private sector (% of GDP),2000,75.30109621,2000,0.0,0.0,0.0,75.30109621,0.0
CHL,Domestic credit to private sector (% of GDP),2001,73.08169596,2000,-2.2194002499999925,-2.2194002499999925,-2.947367783080501,74.85721616000001,0.9925459656560006
CHL,Domestic credit to private sector (% of GDP),2002,74.34609828,2000,1.264402320000002,1.264402320000002,1.7301217540053315,74.666216574,0.9775476657133946
CHL,Domestic credit to private sector (% of GDP),2003,75.83206214,2000,1.4859638599999982,1.4859638599999982,1.998711290004218,74.77240975999999,1.086523874882309
CHL,Domestic credit to private sector (% of GDP),2004,76.74998578,2000,0.9179236399999979,0.9179236399999979,1.210469047123297,75.062187674,1.408330383646856
CHL,Domestic credit to private sector (% of GDP),2005,77.63456541,2000,0.8845796299999904,0.8845796299999904,1.1525469627259533,75.528881514,1.8306154774171384
CHL,Domestic credit to private sector (% of GDP),2006,78.11332337,2000,0.47875796000001003,0.47875796000001003,0.6166814452706948,76.535206996,1.5026459827053933
CHL,Domestic credit to private sector (% of GDP),2007,84.07524732,2000,5.961923949999999,5.961923949999999,7.632403401606802,78.48103680400001,3.2465567416085346
CHL,Domestic credit to private sector (% of GDP),2008,100.1725681,2000,16.097320780000004,16.097320780000004,19.146325813032416,83.349137996,9.83836800265942
CHL,Domestic credit to private sector (% of GDP),2009,102.6870759,2000,2.51450779999999,2.51450779999999,2.510176036906442,88.53655602,12.073053087904418
CHL,Domestic credit to private sector (% of GDP),2010,99.47559066,2010,-3.211485240000002,-3.211485240000002,-3.127448329649052,92.90476106999999,11.050310473622432
CHL,Domestic credit to private sector (% of GDP),2011,101.8634854,2010,2.3878947400000072,2.3878947400000072,2.400483097568773,97.654793476,7.698953165065717
CHL,Domestic credit to private sector (% of GDP),2012,104.2666865,2010,2.403201100000004,2.403201100000004,2.3592370618019443,101.693081312,1.928064552696575
CHL,Domestic credit to private sector (% of GDP),2013,104.1493446,2010,-0.11734189999999955,-0.11734189999999955,-0.11254016401489597,102.48843661200002,1.963927845121855
CHL,Domestic credit to private sector (% of GDP),2014,107.2940277,2010,3.1446830999999946,3.1446830999999946,3.019397877228691,103.40982697199999,2.925640847925596
CHL,Domestic credit to private sector (% of GDP),2015,108.6831579,2010,1.3891301999999968,1.3891301999999968,1.2946948024768812,105.25134041999999,2.7208198353585007
CHL,Domestic credit to private sector (% of GDP),2016,109.6589862,2010,0.9758283000000034,0.9758283000000034,0.8978652432034329,106.81044058,2.5202805125012238
CHL,Domestic credit to private sector (% of GDP),2017,111.8597311,2010,2.2007449000000037,2.2007449000000037,2.006898819934566,108.32904950000002,2.8679714138699723
CHL,Domestic credit to private sector (% of GDP),2018,116.0982746,2010,4.238543499999992,4.238543499999992,3.789159385883756,110.7188355,3.4364436594213
CHL,Domestic credit to private sector (% of GDP),2019,123.2387298,2010,7.140455200000005,7.140455200000005,6.150354279253012,113.90777591999999,5.945761513510914
CHL,Domestic credit to private sector (% of GDP),2020,123.5325706,2020,0.2938407999999981,0.2938407999999981,0.23843218806041122,116.87765845999999,6.376663460863643
CHL,Domestic credit to private sector (% of GDP),2021,109.2588461,2020,-14.2737245,-14.2737245,-11.554624363981302,116.79763044,6.491386557048572
CHL,Domestic credit to private sector (% of GDP),2022,112.6695848,2020,3.410738699999996,3.410738699999996,3.121704852052254,116.95960118,6.3458477771491175
CHL,Domestic credit to private sector (% of GDP),2023,109.5050875,2020,-3.1644972999999936,-3.1644972999999936,-2.808652668435141,115.64096376,7.197447525751139
CHL,Domestic credit to private sector (% of GDP),2024,104.5678163,2020,-4.937271199999998,-4.937271199999998,-4.508713990114844,111.90678106,7.113032883925025
CHL,Domestic credit to private sector (% of GDP),2025,102.084209,2020,-2.4836073000000027,-2.4836073000000027,-2.375116348298456,107.61710874,4.233746674396173
CHL,"GDP per capita, PPP (constant 2021 international $)",1976,102.084209,1970,,,,,
CHL,"GDP per capita, PPP (constant 2021 international $)",1977,102.084209,1970,0.0,0.0,0.0,,
CHL,"GDP per capita, PPP (constant 2021 international $)",1978,102.084209,1970,0.0,0.0,0.0,102.084209,0.0
CHL,"GDP per capita, PPP (constant 2021 international $)",1979,102.084209,1970,0.0,0.0,0.0,102.084209,0.0
CHL,"GDP per capita, PPP (constant 2021 international $)",1980,102.084209,1980,0.0,0.0,0.0,102.084209,0.0
CHL,"GDP per capita, PPP (constant 2021 international $)",1981,102.084209,1980,0.0,0.0,0.0,102.084209,0.0
CHL,"GDP per capita, PPP (constant 2021 international $)",1982,102.084209,1980,0.0,0.0,0.0,102.084209,0.0
CHL,"GDP per capita, PPP (constant 2021 international $)",1983,102.084209,1980,0.0,0.0,0.0,102.084209,0.0
CHL,"GDP per capita, PPP (constant 2021 international $)",1984,102.084209,1980,0.0,0.0,0.0,102.084209,0.0
CHL,"GDP per capita, PPP (constant 2021 international $)",1985,102.084209,1980,0.0,0.0,0.0,102.084209,0.0
CHL,"GDP per capita, PPP (constant 2021 international $)",1986,102.084209,1980,0.0,0.0,0.0,102.084209,0.0
CHL,"GDP per capita, PPP (constant 2021 international $)",1987,102.084209,1980,0.0,0.0,0.0,102.084209,0.0
CHL,"GDP per capita, PPP (constant 2021 international $)",1988,102.084209,1980,0.0,0.0,0.0,102.084209,0.0
CHL,"GDP per capita, PPP (constant 2021 international $)",1989,102.084209,1980,0.0,0.0,0.0,102.084209,0.0
CHL,"GDP per capita, PPP (constant 2021 international $)",1990,10955.24865,1990,10853.164440999999,10853.164440999999,10631.58009188277,2272.7170972,4853.682692211901
CHL,"GDP per capita, PPP (constant 2021 international $)",1991,11610.27833,1990,655.0296799999996,655.0296799999996,5.979140236127822,4574.3559214,6128.287667904054
CHL,"GDP per capita, PPP (constant 2021 international $)",1992,12738.61632,1990,1128.33799,1128.33799,9.718440488067092,7101.662343599999,6421.471478377986
CHL,"GDP per capita, PPP (constant 2021 international $)",1993,13380.47222,1990,641.8559000000005,641.8559000000005,5.038662629254853,9757.3399458,5479.67666833459
CHL,"GDP per capita, PPP (constant 2021 international $)",1994,13849.6261,1990,469.15387999999984,469.15387999999984,3.506258017551489,12506.848323999999,1207.4028505277051
CHL,"GDP per capita, PPP (constant 2021 international $)",1995,14911.56407,1990,1061.9379700000009,1061.9379700000009,7.667629164371448,13298.111408,1232.476825750407
CHL,"GDP per capita, PPP (constant 2021 international $)",1996,15748.46536,1990,836.9012899999998,836.9012899999998,5.612431305470689,14125.748814,1204.837345441929
CHL,"GDP per capita, PPP (constant 2021 international $)",1997,16687.85559,1990,939.3902299999991,939.3902299999991,5.964963623604769,14915.596668000002,1353.4667089790792
CHL,"GDP per capita, PPP (constant 2021 international $)",1998,17161.03356,1990,473.17797000000064,473.17797000000064,2.8354629955184008,15671.708936,1337.3798530396505
CHL,"GDP per capita, PPP (constant 2021 international $)",1999,16900.1244,1990,-260.90915999999925,-260.90915999999925,-1.5203580780131065,16281.808595999999,933.039415104391
CHL,"GDP per capita, PPP (constant 2021 international $)",2000,17529.4206,2000,629.2962000000007,629.2962000000007,3.7236187444868785,16805.379901999997,669.0630182786555
CHL,"GDP per capita, PPP (constant 2021 international $)",2001,17874.53139,2000,345.1107899999988,345.1107899999988,1.9687518365552714,17230.593107999997,477.6417308323594
CHL,"GDP per capita, PPP (constant 2021 international $)",2002,18244.51968,2000,369.98829000000114,369.98829000000114,2.0699188243166633,17541.925926000004,538.8434267655789
CHL,"GDP per capita, PPP (constant 2021 international $)",2003,18907.34587,2000,662.8261899999998,662.8261899999998,3.633015292403674,17891.188388000002,753.4554144835408
CHL,"GDP per capita, PPP (constant 2021 international $)",2004,19966.70931,2000,1059.3634399999974,1059.3634399999974,5.602919877193724,18504.505370000003,963.7908115560606
CHL,"GDP per capita, PPP (constant 2021 international $)",2005,20923.47976,2000,956.77045,956.77045,4.7918284137127065,19183.317202,1256.2135754155697
CHL,"GDP per capita, PPP (constant 2021 international $)",2006,21973.73829,2000,1050.2585300000028,1050.2585300000028,5.0195213322394405,20003.158582,1502.0918990772957
CHL,"GDP per capita, PPP (constant 2021 international $)",2007,22884.29971,2000,910.5614199999982,910.5614199999982,4.1438621320723845,20931.114587999997,1575.4183539271796
CHL,"GDP per capita, PPP (constant 2021 international $)",2008,23515.34732,2000,631.0476100000014,631.0476100000014,2.7575570063183896,21852.714878,1437.328726849469
CHL,"GDP per capita, PPP (constant 2021 international $)",2009,23019.02995,2000,-496.31737000000066,-496.31737000000066,-2.110610416448655,22463.179006,1025.133779425907
CHL,"GDP per capita, PPP (constant 2021 international $)",2010,24122.47879,2010,1103.448840000001,1103.448840000001,4.793637448653665,23102.978811999998,796.7873162176699
CHL,"GDP per capita, PPP (constant 2021 international $)",2011,25372.27415,2010,1249.79536,1249.79536,5.181040351948019,23782.685984,1012.9151106264915
CHL,"GDP per capita, PPP (constant 2021 international $)",2012,26676.81102,2010,1304.53687,1304.53687,5.1415843226650715,24541.188246,1482.9212306067272
CHL,"GDP per capita, PPP (constant 2021 international $)",2013,27297.81851,2010,621.00749,621.00749,2.3278925263384043,25297.682483999997,1766.4558196459952
CHL,"GDP per capita, PPP (constant 2021 international $)",2014,27511.561,2010,213.74249000000054,213.74249000000054,0.7830020919865843,26196.188694,1427.7515817627118
CHL,"GDP per capita, PPP (constant 2021 international $)",2015,27817.95848,2010,306.39747999999963,306.39747999999963,1.1137044531933205,26935.284632000003,968.5619187612607
CHL,"GDP per capita, PPP (constant 2021 international $)",2016,27965.34735,2010,147.38886999999886,147.38886999999886,0.5298335250085495,27453.899272,506.37695296044035
CHL,"GDP per capita, PPP (constant 2021 international $)",2017,27899.59798,2010,-65.74937000000136,-65.74937000000136,-0.23511014963309984,27698.456663999998,283.465196702012
CHL,"GDP per capita, PPP (constant 2021 international $)",2018,28499.4064,2010,599.8084200000012,599.8084200000012,2.149881946076704,27938.774242000003,358.34931583730287
CHL,"GDP per capita, PPP (constant 2021 international $)",2019,28227.97905,2010,-271.4273499999981,-271.4273499999981,-0.9523965032478654,28082.057851999998,279.34487242531463
CHL,"GDP per capita, PPP (constant 2021 international $)",2020,26258.40386,2020,-1969.5751900000032,-1969.5751900000032,-6.977386466495917,27770.146928000002,877.7325208591928
CHL,"GDP per capita, PPP (constant 2021 international $)",2021,29106.63565,2020,2848.2317900000016,2848.2317900000016,10.846934205086157,27998.404587999998,1068.790041967572
CHL,"GDP per capita, PPP (constant 2021 international $)",2022,29560.45138,2020,453.81572999999844,453.81572999999844,1.5591486953594247,28330.575267999997,1269.624870443126
CHL,"GDP per capita, PPP (constant 2021 international $)",2023,29600.41886,2020,39.96748000000298,39.96748000000298,0.13520591917295377,28550.777759999997,1395.469666114864
CHL,"GDP per capita, PPP (constant 2021 international $)",2024,30267.64409,2020,667.22523,667.22523,2.254107393397886,28958.710768,1565.3056130527114
CHL,"GDP per capita, PPP (constant 2021 international $)",2025,30863.42232,2020,595.7782299999999,595.7782299999999,1.9683667094421597,29879.71446,688.4323395510428
CHL,Gross capital formation (% of GDP),1976,13.33411356,1970,,,,,
CHL,Gross capital formation (% of GDP),1977,14.97208036,1970,1.6379667999999992,1.6379667999999992,12.284032175289195,,
CHL,Gross capital formation (% of GDP),1978,18.47517691,1970,3.5030965499999986,3.5030965499999986,23.397527035447997,15.593790276666667,2.6263140534862845
CHL,Gross capital formation (% of GDP),1979,18.36829301,1970,-0.1068838999999997,-0.1068838999999997,-0.578527071868784,16.28741596,2.553980558398643
CHL,Gross capital formation (% of GDP),1980,21.69175821,1980,3.323465200000001,3.323465200000001,18.093489679147943,17.36828441,3.276201390411722
CHL,Gross capital formation (% of GDP),1981,22.98815887,1980,1.2964006599999998,1.2964006599999998,5.976466487637477,19.299093472,3.1465186528847573
CHL,Gross capital formation (% of GDP),1982,11.61039098,1980,-11.37776789,-11.37776789,-49.494037144698055,18.626755596000002,4.408379264915649
CHL,Gross capital formation (% of GDP),1983,11.99925991,1980,0.3888689299999992,0.3888689299999992,3.349318129508849,17.331572196,5.320912838627274
CHL,Gross capital formation (% of GDP),1984,19.01545941,1980,7.016199499999999,7.016199499999999,58.471935374554285,17.461005475999997,5.360162660276932
CHL,Gross capital formation (% of GDP),1985,16.84000472,1980,-2.1754546899999987,-2.1754546899999987,-11.440452965632552,16.490654778,4.814141819568336
CHL,Gross capital formation (% of GDP),1986,18.57287383,1980,1.7328691099999993,1.7328691099999993,10.290193731014586,15.607597769999998,3.568016752824052
CHL,Gross capital formation (% of GDP),1987,22.00385354,1980,3.4309797100000026,3.4309797100000026,18.473068526735382,17.686290281999998,3.6828177782013696
CHL,Gross capital formation (% of GDP),1988,23.03060462,1980,1.0267510799999968,1.0267510799999968,4.666233022018185,19.892559224,2.5560641237495023
CHL,Gross capital formation (% of GDP),1989,25.65929464,1980,2.6286900200000005,2.6286900200000005,11.413899302136521,21.22132627,3.5281609650294206
CHL,Gross capital formation (% of GDP),1990,25.72326538,1990,0.06397074000000202,0.06397074000000202,0.24930825612126117,22.997978401999998,2.961447805364037
CHL,Gross capital formation (% of GDP),1991,23.34167628,1990,-2.3815890999999993,-2.3815890999999993,-9.258502234524624,23.951738892,1.6635034424643613
CHL,Gross capital formation (% of GDP),1992,24.86355747,1990,1.5218811899999984,1.5218811899999984,6.520016693505437,24.523679678,1.2718637184818047
CHL,Gross capital formation (% of GDP),1993,27.78129126,1990,2.9177337899999998,2.9177337899999998,11.734981180872817,25.473817006,1.6077550072714324
CHL,Gross capital formation (% of GDP),1994,25.53433688,1990,-2.2469543799999983,-2.2469543799999983,-8.08801275279527,25.448825454,1.6051201253880774
CHL,Gross capital formation (% of GDP),1995,27.52926225,1990,1.9949253699999971,1.9949253699999971,7.812716576017853,25.810024828000003,1.8645520586712825
CHL,Gross capital formation (% of GDP),1996,29.88121344,1990,2.351951190000001,2.351951190000001,8.543458842599394,27.117932259999996,1.9896570322948863
CHL,Gross capital formation (% of GDP),1997,29.85926633,1990,-0.02194710999999927,-0.02194710999999927,-0.073447853930253,28.117074031999998,1.821827778044673
CHL,Gross capital formation (% of GDP),1998,28.61868509,1990,-1.240581240000001,-1.240581240000001,-4.15476129349358,28.284552798,1.821732946239118
CHL,Gross capital formation (% of GDP),1999,22.55047421,1990,-6.068210879999999,-6.068210879999999,-21.203667676962436,27.687780264000004,3.033567457660526
CHL,Gross capital formation (% of GDP),2000,23.75075659,2000,1.2002823800000009,1.2002823800000009,5.32264806860574,26.932079132000002,3.5153140871425452
CHL,Gross capital formation (% of GDP),2001,24.09121495,2000,0.3404583599999995,0.3404583599999995,1.4334632192026575,25.774079433999997,3.2441498176008583
CHL,Gross capital formation (% of GDP),2002,24.10838935,2000,0.017174399999998258,0.017174399999998258,0.0712890571755942,24.623904038,2.32213729293865
CHL,Gross capital formation (% of GDP),2003,23.39913738,2000,-0.7092519700000004,-0.7092519700000004,-2.9419301293970523,23.579994496,0.6446565912877215
CHL,Gross capital formation (% of GDP),2004,21.2432281,2000,-2.1559092799999995,-2.1559092799999995,-9.213627173464634,23.318545274,1.1959426381029021
CHL,Gross capital formation (% of GDP),2005,23.2677017,2000,2.0244736000000003,2.0244736000000003,9.52997157715405,23.221934295999997,1.1715614811564712
CHL,Gross capital formation (% of GDP),2006,22.18632046,2000,-1.081381239999999,-1.081381239999999,-4.647563622495632,22.840955398,1.1270922516377806
CHL,Gross capital formation (% of GDP),2007,22.34802283,2000,0.16170237000000043,0.16170237000000043,0.728838160845724,22.488882094,0.8800800264426334
CHL,Gross capital formation (% of GDP),2008,28.89694243,2000,6.548919599999998,6.548919599999998,29.30424606157429,23.588443104,3.05318128852257
CHL,Gross capital formation (% of GDP),2009,22.92000729,2000,-5.976935139999998,-5.976935139999998,-20.683624762303264,23.923798942,2.813899396495238
CHL,Gross capital formation (% of GDP),2010,24.77546713,2010,1.8554598399999982,1.8554598399999982,8.095371945232909,24.225352028,2.8067918985692373
CHL,Gross capital formation (% of GDP),2011,26.64629736,2010,1.8708302299999993,1.8708302299999993,7.551140086213182,25.117347408,2.703579609657394
CHL,Gross capital formation (% of GDP),2012,28.7913494,2010,2.145052040000003,2.145052040000003,8.050094206409476,26.406012721999996,2.586658625736704
CHL,Gross capital formation (% of GDP),2013,27.49695956,2010,-1.294389840000001,-1.294389840000001,-4.495759549220713,26.126016148,2.3106630634018743
CHL,Gross capital formation (% of GDP),2014,25.15809358,2010,-2.3388659800000013,-2.3388659800000013,-8.505907625519315,26.573633406,1.6593093760696784
CHL,Gross capital formation (% of GDP),2015,25.59943821,2010,0.4413446299999997,0.4413446299999997,1.7542848729637406,26.738427622,1.465699413051792
CHL,Gross capital formation (% of GDP),2016,23.70878973,2010,-1.8906484799999994,-1.8906484799999994,-7.385507699389471,26.150926096,2.002344040985832
CHL,Gross capital formation (% of GDP),2017,22.63666974,2010,-1.072119990000001,-1.072119990000001,-4.522035929330426,24.919990163999998,1.8600855357901243
CHL,Gross capital formation (% of GDP),2018,24.20307868,2010,1.5664089400000023,1.5664089400000023,6.91978527756707,24.261213988,1.1771717546164544
CHL,Gross capital formation (% of GDP),2019,24.94531502,2010,0.742236339999998,0.742236339999998,3.066702173774849,24.218658276,1.139899078404024
CHL,Gross capital formation (% of GDP),2020,21.07732858,2020,-3.8679864399999992,-3.8679864399999992,-15.505863272918486,23.314236349999998,1.505737657053189
CHL,Gross capital formation (% of GDP),2021,24.1498842,2020,3.0725556199999993,3.0725556199999993,14.57753817490659,23.402455244,1.54698946834807
CHL,Gross capital formation (% of GDP),2022,25.76704006,2020,1.6171558600000004,1.6171558600000004,6.69632966604452,24.028529308,1.7760698118720695
CHL,Gross capital formation (% of GDP),2023,23.33312782,2020,-2.433912239999998,-2.433912239999998,-9.445835588148643,23.854539136,1.7971817349017074
CHL,Gross capital formation (% of GDP),2024,23.11926696,2020,-0.21386086000000049,-0.21386086000000049,-0.9165546156083226,23.489329524000002,1.70318756991524
CHL,Gross capital formation (% of GDP),2025,24.05703861,2020,0.9377716499999984,0.9377716499999984,4.056234359084532,24.08527153,1.0406971549337258
CHL,"Inflation, GDP deflator (annual %)",1976,245.6523127,1970,,,,,
CHL,"Inflation, GDP deflator (annual %)",1977,101.3044307,1970,-144.34788200000003,-144.34788200000003,-58.761051509530525,,
CHL,"Inflation, GDP deflator (annual %)",1978,56.09346368,1970,-45.21096702,-45.21096702,-44.628815055371504,134.35006902666666,99.00580775772418
CHL,"Inflation, GDP deflator (annual %)",1979,47.44910461,1970,-8.64435907,-8.64435907,-15.410635220021419,112.6248279225,91.77532920476496
CHL,"Inflation, GDP deflator (annual %)",1980,28.71981002,1980,-18.72929459,-18.72929459,-39.472387822578135,95.843824342,87.89222772137481
CHL,"Inflation, GDP deflator (annual %)",1981,11.42005043,1980,-17.29975959,-17.29975959,-60.23633017750721,48.997371887999996,33.95590764180469
CHL,"Inflation, GDP deflator (annual %)",1982,7.170555404,1980,-4.249495026,-4.249495026,-37.21082539913092,30.170596828799994,21.524587888567655
CHL,"Inflation, GDP deflator (annual %)",1983,31.35351301,1980,24.182957606000002,24.182957606000002,337.2536190503438,25.2226066948,16.28053107369803
CHL,"Inflation, GDP deflator (annual %)",1984,16.12825952,1980,-15.22525349,-15.22525349,-48.55996036279572,18.958437676799996,10.638534223491936
CHL,"Inflation, GDP deflator (annual %)",1985,41.85818955,1980,25.72993003,25.72993003,159.53320938377357,21.5861135828,14.55424752601718
CHL,"Inflation, GDP deflator (annual %)",1986,21.86994435,1980,-19.988245199999998,-19.988245199999998,-47.75229271711299,23.6760923668,13.436853681983642
CHL,"Inflation, GDP deflator (annual %)",1987,25.52401652,1980,3.654072169999999,3.654072169999999,16.708191440825495,27.34678459,9.821001905896201
CHL,"Inflation, GDP deflator (annual %)",1988,20.40988841,1980,-5.114128109999999,-5.114128109999999,-20.036533458567117,25.15805967,9.923739036343425
CHL,"Inflation, GDP deflator (annual %)",1989,13.35648749,1980,-7.053400920000001,-7.053400920000001,-34.55874318521078,24.603705264,10.608082496136346
CHL,"Inflation, GDP deflator (annual %)",1990,22.55369983,1990,9.19721234,9.19721234,68.85951375229418,20.74280732,4.529853380988983
CHL,"Inflation, GDP deflator (annual %)",1991,21.61728382,1990,-0.9364160099999985,-0.9364160099999985,-4.151939668694249,20.692275214,4.515522959995894
CHL,"Inflation, GDP deflator (annual %)",1992,13.41683218,1990,-8.20045164,-8.20045164,-37.93469942053063,18.270838345999998,4.5229789733461345
CHL,"Inflation, GDP deflator (annual %)",1993,12.09738027,1990,-1.3194519099999997,-1.3194519099999997,-9.834302854043742,16.608336717999997,5.038497948239217
CHL,"Inflation, GDP deflator (annual %)",1994,13.80059455,1990,1.7032142799999992,1.7032142799999992,14.079199314117275,16.69715813,4.970294074846477
CHL,"Inflation, GDP deflator (annual %)",1995,11.06416244,1990,-2.736432109999999,-2.736432109999999,-19.828363916393734,14.399250652000001,4.178664817686815
CHL,"Inflation, GDP deflator (annual %)",1996,3.248659464,1990,-7.815502976,-7.815502976,-70.63799920132048,10.725525780800002,4.31854626915941
CHL,"Inflation, GDP deflator (annual %)",1997,3.330580503,1990,0.08192103900000003,0.08192103900000003,2.5216874808765777,8.708275445400002,5.042195912110305
CHL,"Inflation, GDP deflator (annual %)",1998,0.778990207,1990,-2.551590296,-2.551590296,-76.61097798722088,6.4445974328,5.644938011629213
CHL,"Inflation, GDP deflator (annual %)",1999,2.187767871,1990,1.408777664,1.408777664,180.84664625315378,4.122032097,4.015583900729961
CHL,"Inflation, GDP deflator (annual %)",2000,4.560043487,2000,2.3722756159999996,2.3722756159999996,108.43360703142895,2.8212083064,1.4175351726518484
CHL,"Inflation, GDP deflator (annual %)",2001,4.277146982,2000,-0.2828965050000001,-0.2828965050000001,-6.203811560273397,3.0269058099999997,1.562298745667609
CHL,"Inflation, GDP deflator (annual %)",2002,3.340660372,2000,-0.9364866099999998,-0.9364866099999998,-21.895123406820527,3.0289217838000004,1.5627949936023033
CHL,"Inflation, GDP deflator (annual %)",2003,4.300300884,2000,0.9596405120000004,0.9596405120000004,28.726072247370627,3.7331839192000005,0.9802550315436276
CHL,"Inflation, GDP deflator (annual %)",2004,7.024761707,2000,2.7244608229999994,2.7244608229999994,63.35512087390951,4.7005826864,1.3793541427666531
CHL,"Inflation, GDP deflator (annual %)",2005,7.120315352,2000,0.09555364500000074,0.09555364500000074,1.3602403751971304,5.2126370594,1.7417539942922209
CHL,"Inflation, GDP deflator (annual %)",2006,12.34989592,2000,5.229580567999999,5.229580567999999,73.44591228717252,6.827186847,3.505934083152261
CHL,"Inflation, GDP deflator (annual %)",2007,5.088757067,2000,-7.261138852999999,-7.261138852999999,-58.79514208084111,7.176806186,3.1393230962157923
CHL,"Inflation, GDP deflator (annual %)",2008,0.311132499,2000,-4.777624568,-4.777624568,-93.8858842168423,6.378972509,4.333067549464499
CHL,"Inflation, GDP deflator (annual %)",2009,3.577795042,2000,3.266662543,3.266662543,1049.9264954639148,5.689579176,4.476469960480579
CHL,"Inflation, GDP deflator (annual %)",2010,8.857441489,2010,5.279646446999999,5.279646446999999,147.56704576483114,6.0370044034,4.6781395183871135
CHL,"Inflation, GDP deflator (annual %)",2011,3.260514866,2010,-5.596926623,-5.596926623,-63.18897652274404,4.2191281925999995,3.1174060802191645
CHL,"Inflation, GDP deflator (annual %)",2012,0.763466681,2010,-2.4970481849999997,-2.4970481849999997,-76.58447477233491,3.3540701154,3.402814915436496
CHL,"Inflation, GDP deflator (annual %)",2013,2.260770609,2010,1.497303928,1.497303928,196.1190927204327,3.7439977374,3.0615443046062474
CHL,"Inflation, GDP deflator (annual %)",2014,5.852891626,2010,3.5921210169999997,3.5921210169999997,158.88923018991704,4.1990170542000005,3.196748790583108
CHL,"Inflation, GDP deflator (annual %)",2015,4.95436553,2010,-0.8985260960000003,-0.8985260960000003,-15.351832109935604,3.4184018623999997,2.0432598976381646
CHL,"Inflation, GDP deflator (annual %)",2016,4.560656037,2010,-0.39370949299999936,-0.39370949299999936,-7.946718719399771,3.6784300966000005,2.100082553141562
CHL,"Inflation, GDP deflator (annual %)",2017,4.828191886,2010,0.2675358489999997,0.2675358489999997,5.866170279659699,4.4913751376,1.338089045961033
CHL,"Inflation, GDP deflator (annual %)",2018,1.590199737,2010,-3.237992149,-3.237992149,-67.0642804895348,4.3572609632,1.6212046649671057
CHL,"Inflation, GDP deflator (annual %)",2019,2.566359255,2010,0.976159518,0.976159518,61.38596902560045,3.6999544889999996,1.52671027921512
CHL,"Inflation, GDP deflator (annual %)",2020,9.678663681,2020,7.112304426,7.112304426,277.1359626343506,4.644814119199999,3.1237395476199072
CHL,"Inflation, GDP deflator (annual %)",2021,6.883001727,2020,-2.795661954,-2.795661954,-28.884792840649176,5.1092832571999995,3.2769932228185956
CHL,"Inflation, GDP deflator (annual %)",2022,7.547519855,2020,0.6645181280000001,0.6645181280000001,9.654481494509737,5.653148850999999,3.440267967647544
CHL,"Inflation, GDP deflator (annual %)",2023,6.55832071,2020,-0.9891991449999997,-0.9891991449999997,-13.106280791625679,6.6467730456,2.5844298282109808
CHL,"Inflation, GDP deflator (annual %)",2024,7.127812653,2020,0.5694919430000001,0.5694919430000001,8.683502502883854,7.5590637252,1.2386849002803522
CHL,"Inflation, GDP deflator (annual %)",2025,6.803213574,2020,-0.3245990790000004,-0.3245990790000004,-4.553978826356797,6.983973703800001,0.37494130994153374
COL,Broad money (% of GDP),1976,26.9615045,1970,,,,,
COL,Broad money (% of GDP),1977,27.09666787,1970,0.13516337000000078,0.13516337000000078,0.5013198354713477,,
COL,Broad money (% of GDP),1978,27.02171664,1970,-0.07495122999999992,-0.07495122999999992,-0.27660681512423624,27.026629670000002,0.06771548969973529
COL,Broad money (% of GDP),1979,25.82029025,1970,-1.2014263900000017,-1.2014263900000017,-4.446151242003404,26.725044815,0.605698459707195
COL,Broad money (% of GDP),1980,28.79579262,1980,2.975502370000001,2.975502370000001,11.523892029060367,27.139194376,1.0643083493289038
COL,Broad money (% of GDP),1981,31.71815432,1980,2.9223616999999997,2.9223616999999997,10.14857183674216,28.09052434,2.2880759397639787
COL,Broad money (% of GDP),1982,31.61340777,1980,-0.10474655000000155,-0.10474655000000155,-0.3302416305287714,28.993872319999998,2.659132148750066
COL,Broad money (% of GDP),1983,33.37463251,1980,1.7612247399999994,1.7612247399999994,5.571132200658679,30.264455493999996,2.9796681419219153
COL,Broad money (% of GDP),1984,32.62114866,1980,-0.753483849999995,-0.753483849999995,-2.257654371997142,31.624627176,1.7368615290271134
COL,Broad money (% of GDP),1985,31.26952447,1980,-1.3516241900000026,-1.3516241900000026,-4.143398517592245,32.119373546000006,0.8612019242758265
COL,Broad money (% of GDP),1986,31.26952447,1980,0.0,0.0,0.0,32.029647575999995,0.9337676174655757
COL,Broad money (% of GDP),1987,26.77753567,1980,-4.4919888000000014,-4.4919888000000014,-14.365388908646882,31.062473156,2.5603700883488343
COL,Broad money (% of GDP),1988,23.10113893,1980,-3.6763967399999977,-3.6763967399999977,-13.7294065641702,29.007774440000002,3.973342662965738
COL,Broad money (% of GDP),1989,23.10113893,1980,0.0,0.0,0.0,27.103772493999998,4.088262479701735
COL,Broad money (% of GDP),1990,24.11663869,1990,1.0154997599999973,1.0154997599999973,4.395886120927273,25.673195338,3.4710331406100905
COL,Broad money (% of GDP),1991,24.72969354,1990,0.613054850000001,0.613054850000001,2.5420410276918215,24.365229152,1.5173745766466595
COL,Broad money (% of GDP),1992,26.93983743,1990,2.210143890000001,2.210143890000001,8.9372069509277,24.397689504,1.5822309486541106
COL,Broad money (% of GDP),1993,28.46435723,1990,1.5245198000000002,1.5245198000000002,5.658979212332982,25.470333164,2.186191894343618
COL,Broad money (% of GDP),1994,32.10822014,1990,3.6438629099999993,3.6438629099999993,12.801493743760183,27.271749406000005,3.2148366909766843
COL,Broad money (% of GDP),1995,32.92964638,1990,0.821426240000001,0.821426240000001,2.5583051206774288,29.034350944,3.4591889738774144
COL,Broad money (% of GDP),1996,33.41472135,1990,0.48507496999999944,0.48507496999999944,1.4730646190437513,30.771356506,2.891175424625525
COL,Broad money (% of GDP),1997,34.25344863,1990,0.8387272800000005,0.8387272800000005,2.510053192468109,32.234078746,2.246231661981479
COL,Broad money (% of GDP),1998,33.04601338,1990,-1.2074352500000032,-1.2074352500000032,-3.5250034618193204,33.150409976000006,0.7797995966081874
COL,Broad money (% of GDP),1999,34.27402634,1990,1.228012960000001,1.228012960000001,3.716069911002373,33.583571215999996,0.6462508072483064
COL,Broad money (% of GDP),2000,25.82000057,2000,-8.454025769999998,-8.454025769999998,-24.665983757308386,32.161642054000005,3.5849183811853207
COL,Broad money (% of GDP),2001,28.50914711,2000,2.6891465399999994,2.6891465399999994,10.41497475071511,31.180527206,3.81982130040441
COL,Broad money (% of GDP),2002,27.45559255,2000,-1.053554560000002,-1.053554560000002,-3.695496592496983,29.820955989999998,3.659038867127748
COL,Broad money (% of GDP),2003,27.33453943,2000,-0.12105311999999913,-0.12105311999999913,-0.4409051444784762,28.6786612,3.2715190252140136
COL,Broad money (% of GDP),2004,28.85464606,2000,1.5201066300000008,1.5201066300000008,5.5611203323647995,27.594785143999996,1.189566100151698
COL,Broad money (% of GDP),2005,30.90999648,2000,2.05535042,2.05535042,7.123117766636722,28.612784326000003,1.4421706098787033
COL,Broad money (% of GDP),2006,32.28830142,2000,1.3783049400000031,1.3783049400000031,4.459091222775857,29.368615188,2.1772521700516965
COL,Broad money (% of GDP),2007,33.75519653,2000,1.4668951099999958,1.4668951099999958,4.543116378030865,30.628535984000003,2.579105767678735
COL,Broad money (% of GDP),2008,35.9614943,2000,2.206297769999999,2.206297769999999,6.536172195114154,32.353926958,2.7070420794716648
COL,Broad money (% of GDP),2009,36.92013333,2000,0.9586390300000005,0.9586390300000005,2.6657374746521523,33.967024412,2.4953538891407963
COL,Broad money (% of GDP),2010,37.93686251,2010,1.0167291799999987,1.0167291799999987,2.753861073339725,35.372397617999994,2.315490748998515
COL,Broad money (% of GDP),2011,39.65247156,2010,1.7156090500000047,1.7156090500000047,4.522274475248911,36.845231645999995,2.202678645143606
COL,Broad money (% of GDP),2012,42.74628079,2010,3.093809229999998,3.093809229999998,7.802311201001966,38.643448498,2.669893144059923
COL,Broad money (% of GDP),2013,45.37760998,2010,2.6313291900000024,2.6313291900000024,6.155691539404229,40.526671634,3.497739385962276
COL,Broad money (% of GDP),2014,46.37815885,2010,1.0005488699999958,1.0005488699999958,2.2049395515563397,42.418276738,3.6151990955494093
COL,Broad money (% of GDP),2015,48.99143708,2010,2.613278229999999,2.613278229999999,5.634717493749752,44.629191652,3.569359102690134
COL,Broad money (% of GDP),2016,48.91995836,2010,-0.07147871999999467,-0.07147871999999467,-0.14590043538277309,46.482689012,2.6185383024961473
COL,Broad money (% of GDP),2017,49.02411627,2010,0.10415790999999786,0.10415790999999786,0.21291496046154101,47.738256107999995,1.7351393178967303
COL,Broad money (% of GDP),2018,36.91009138,2010,-12.114024890000003,-12.114024890000003,-24.710338118655905,46.044752388,5.22923418859868
COL,Broad money (% of GDP),2019,36.86598904,2010,-0.04410233999999491,-0.04410233999999491,-0.11948585969606684,44.142318425999996,6.622345178025432
COL,Broad money (% of GDP),2020,46.94138133,2020,10.075392289999996,10.075392289999996,27.32977617681187,43.732307276,6.302818384104513
COL,Broad money (% of GDP),2021,45.8298288,2020,-1.1115525299999973,-1.1115525299999973,-2.367958714690843,43.11428136400001,5.798279291454125
COL,Broad money (% of GDP),2022,41.75803201,2020,-4.0717967900000005,-4.0717967900000005,-8.8845996081923,41.661064512,4.765349897074413
COL,Broad money (% of GDP),2023,40.36301146,2020,-1.3950205499999981,-1.3950205499999981,-3.3407238867624978,42.351648528,4.10983281823104
COL,Broad money (% of GDP),2024,41.63262577,2020,1.2696143099999944,1.2696143099999944,3.1454895560956597,43.304975874,2.8915078998818275
COL,Broad money (% of GDP),2025,43.05737092,2020,1.4247451499999997,1.4247451499999997,3.4221842212668108,42.528173792,2.077500176903557
COL,Domestic credit to private sector (% of GDP),1976,28.59488605,1970,,,,,
COL,Domestic credit to private sector (% of GDP),1977,27.36132196,1970,-1.233564089999998,-1.233564089999998,-4.313932525707676,,
COL,Domestic credit to private sector (% of GDP),1978,27.80809401,1970,0.44677204999999987,0.44677204999999987,1.6328598839381536,27.92143400666667,0.6245434790050083
COL,Domestic credit to private sector (% of GDP),1979,27.19737352,1970,-0.6107204900000021,-0.6107204900000021,-2.1961968690856093,27.740418885,0.6253816982716326
COL,Domestic credit to private sector (% of GDP),1980,30.46462293,1980,3.2672494100000016,3.2672494100000016,12.013106367044536,28.285259694,1.333260753625753
COL,Domestic credit to private sector (% of GDP),1981,32.82226458,1980,2.3576416500000015,2.3576416500000015,7.738949060414324,29.130735400000002,2.4507517192033097
COL,Domestic credit to private sector (% of GDP),1982,34.17445575,1980,1.3521911699999976,1.3521911699999976,4.1197375845417605,30.493362158000004,3.0434055183287474
COL,Domestic credit to private sector (% of GDP),1983,36.73227494,1980,2.5578191900000036,2.5578191900000036,7.484593781716642,32.278198343999996,3.6343649794854156
COL,Domestic credit to private sector (% of GDP),1984,37.32248539,1980,0.5902104499999936,0.5902104499999936,1.6067898080477372,34.303220718,2.8266989603911656
COL,Domestic credit to private sector (% of GDP),1985,35.62752083,1980,-1.6949645599999954,-1.6949645599999954,-4.541403237990515,35.335800297999995,1.8472102556386159
COL,Domestic credit to private sector (% of GDP),1986,35.62752083,1980,0.0,0.0,0.0,35.896851548,1.2085207333390868
COL,Domestic credit to private sector (% of GDP),1987,25.48998188,1980,-10.137538950000003,-10.137538950000003,-28.45423625845931,34.159956774,4.901386568453599
COL,Domestic credit to private sector (% of GDP),1988,23.22072451,1980,-2.2692573699999983,-2.2692573699999983,-8.902546030370107,31.457646688,6.569473798330184
COL,Domestic credit to private sector (% of GDP),1989,23.22072451,1980,0.0,0.0,0.0,28.637294512,6.448072695201225
COL,Domestic credit to private sector (% of GDP),1990,25.91059165,1990,2.6898671400000005,2.6898671400000005,11.583907034604412,26.693908676,5.1477778680064965
COL,Domestic credit to private sector (% of GDP),1991,23.40430918,1990,-2.506282470000002,-2.506282470000002,-9.67281065540625,24.249266346,1.3350211638020333
COL,Domestic credit to private sector (% of GDP),1992,25.24216003,1990,1.8378508500000024,1.8378508500000024,7.852617378557469,24.199701976,1.2809474744059608
COL,Domestic credit to private sector (% of GDP),1993,28.67135265,1990,3.4291926199999985,3.4291926199999985,13.585178985968094,25.289827604,2.216906582153672
COL,Domestic credit to private sector (% of GDP),1994,31.07361273,1990,2.4022600800000014,2.4022600800000014,8.378607418091244,26.860405248,3.0206005721942475
COL,Domestic credit to private sector (% of GDP),1995,33.66342958,1990,2.5898168499999983,2.5898168499999983,8.334456866998474,28.410972834,4.178929476074886
COL,Domestic credit to private sector (% of GDP),1996,35.32348263,1990,1.660053050000002,1.660053050000002,4.93132479581424,30.794807524,4.004890068819142
COL,Domestic credit to private sector (% of GDP),1997,36.47584514,1990,1.1523625099999961,1.1523625099999961,3.2623128417731406,33.041544546,3.1764656390775126
COL,Domestic credit to private sector (% of GDP),1998,35.21855052,1990,-1.2572946199999961,-1.2572946199999961,-3.4469238894240917,34.35098412,2.0873041008763997
COL,Domestic credit to private sector (% of GDP),1999,31.65418344,1990,-3.5643670800000002,-3.5643670800000002,-10.120709192662137,34.467098262,1.863565926385334
COL,Domestic credit to private sector (% of GDP),2000,20.94747439,2000,-10.70670905,-10.70670905,-33.823993818366525,31.923907223999997,6.397006230633289
COL,Domestic credit to private sector (% of GDP),2001,21.9066126,2000,0.959138209999999,0.959138209999999,4.578777336793771,29.240533218000003,7.3565167236539475
COL,Domestic credit to private sector (% of GDP),2002,21.52330896,2000,-0.3833036399999976,-0.3833036399999976,-1.7497166129646025,26.250025982,6.688861958853446
COL,Domestic credit to private sector (% of GDP),2003,21.07623501,2000,-0.44707395000000005,-0.44707395000000005,-2.077161791576121,23.42156288,4.61779601798168
COL,Domestic credit to private sector (% of GDP),2004,22.19913866,2000,1.1229036499999978,1.1229036499999978,5.327818984117494,21.530553924,0.5326503508626529
COL,Domestic credit to private sector (% of GDP),2005,22.75271861,2000,0.5535799499999996,0.5535799499999996,2.4937001316969187,21.891602768,0.6396852786846854
COL,Domestic credit to private sector (% of GDP),2006,27.3293272,2000,4.576608590000003,4.576608590000003,20.114557158846715,22.976145688000003,2.5161599710554072
COL,Domestic credit to private sector (% of GDP),2007,30.56656822,2000,3.237241019999999,3.237241019999999,11.845300823944171,24.78479754,4.014720290603033
COL,Domestic credit to private sector (% of GDP),2008,31.34288213,2000,0.7763139099999989,0.7763139099999989,2.539748343394499,26.838126963999997,4.261635392677137
COL,Domestic credit to private sector (% of GDP),2009,30.05884981,2000,-1.284032319999998,-1.284032319999998,-4.096727016597434,28.410069194,3.505138234588065
COL,Domestic credit to private sector (% of GDP),2010,32.35295864,2010,2.2941088299999954,2.2941088299999954,7.632057928034186,30.3301172,1.8875788725676423
COL,Domestic credit to private sector (% of GDP),2011,34.95997389,2010,2.6070152500000034,2.6070152500000034,8.058042786778664,31.856246538000004,1.9388975324247621
COL,Domestic credit to private sector (% of GDP),2012,37.74485153,2010,2.7848776399999977,2.7848776399999977,7.965903088951065,33.29190319999999,3.071813100480504
COL,Domestic credit to private sector (% of GDP),2013,39.48369169,2010,1.7388401600000023,1.7388401600000023,4.6068273937120985,34.920065111999996,3.8415214568022997
COL,Domestic credit to private sector (% of GDP),2014,42.3846057,2010,2.900914010000001,2.900914010000001,7.347119496262078,37.38521629,3.8965449034310096
COL,Domestic credit to private sector (% of GDP),2015,46.9053936,2010,4.520787899999995,4.520787899999995,10.666108190313995,40.295703282,4.574050039152015
COL,Domestic credit to private sector (% of GDP),2016,47.05419781,2010,0.14880421000000155,0.14880421000000155,0.31724328180460226,42.714548066,4.232048107524288
COL,Domestic credit to private sector (% of GDP),2017,49.8054214,2010,2.751223590000002,2.751223590000002,5.846924861218894,45.12666204,4.127107237480973
COL,Domestic credit to private sector (% of GDP),2018,45.87070747,2010,-3.934713930000001,-3.934713930000001,-7.90017194794782,46.404065196,2.677860700017945
COL,Domestic credit to private sector (% of GDP),2019,46.04157811,2010,0.17087064000000396,0.17087064000000396,0.3725049152811799,47.135459678000004,1.5799054181211618
COL,Domestic credit to private sector (% of GDP),2020,51.99877906,2020,5.957200949999994,5.957200949999994,12.93874188188635,48.15413677,2.6643401830048457
COL,Domestic credit to private sector (% of GDP),2021,47.91240607,2020,-4.086372989999994,-4.086372989999994,-7.858594112921069,48.325778422,2.6026956302642916
COL,Domestic credit to private sector (% of GDP),2022,44.18831296,2020,-3.7240931100000054,-3.7240931100000054,-7.772711528114673,47.202356734,2.988101146076785
COL,Domestic credit to private sector (% of GDP),2023,41.5886838,2020,-2.599629159999999,-2.599629159999999,-5.883069494762627,46.345952,3.9302634308105193
COL,Domestic credit to private sector (% of GDP),2024,39.37408267,2020,-2.2146011299999984,-2.2146011299999984,-5.325008939090292,45.012452912,5.035153968436878
COL,Domestic credit to private sector (% of GDP),2025,39.85652811,2020,0.48244543999999934,0.48244543999999934,1.2252868061548128,42.584002722,3.524877935282208
COL,"GDP per capita, PPP (constant 2021 international $)",1976,39.85652811,1970,,,,,
COL,"GDP per capita, PPP (constant 2021 international $)",1977,39.85652811,1970,0.0,0.0,0.0,,
COL,"GDP per capita, PPP (constant 2021 international $)",1978,39.85652811,1970,0.0,0.0,0.0,39.85652811,0.0
COL,"GDP per capita, PPP (constant 2021 international $)",1979,39.85652811,1970,0.0,0.0,0.0,39.85652811,0.0
COL,"GDP per capita, PPP (constant 2021 international $)",1980,39.85652811,1980,0.0,0.0,0.0,39.85652811,0.0
COL,"GDP per capita, PPP (constant 2021 international $)",1981,39.85652811,1980,0.0,0.0,0.0,39.85652811,0.0
COL,"GDP per capita, PPP (constant 2021 international $)",1982,39.85652811,1980,0.0,0.0,0.0,39.85652811,0.0
COL,"GDP per capita, PPP (constant 2021 international $)",1983,39.85652811,1980,0.0,0.0,0.0,39.85652811,0.0
COL,"GDP per capita, PPP (constant 2021 international $)",1984,39.85652811,1980,0.0,0.0,0.0,39.85652811,0.0
COL,"GDP per capita, PPP (constant 2021 international $)",1985,39.85652811,1980,0.0,0.0,0.0,39.85652811,0.0
COL,"GDP per capita, PPP (constant 2021 international $)",1986,39.85652811,1980,0.0,0.0,0.0,39.85652811,0.0
COL,"GDP per capita, PPP (constant 2021 international $)",1987,39.85652811,1980,0.0,0.0,0.0,39.85652811,0.0
COL,"GDP per capita, PPP (constant 2021 international $)",1988,39.85652811,1980,0.0,0.0,0.0,39.85652811,0.0
COL,"GDP per capita, PPP (constant 2021 international $)",1989,39.85652811,1980,0.0,0.0,0.0,39.85652811,0.0
COL,"GDP per capita, PPP (constant 2021 international $)",1990,9998.810697,1990,9958.95416889,9958.95416889,24987.008756518608,2031.6473618880002,4453.779701288593
COL,"GDP per capita, PPP (constant 2021 international $)",1991,9996.09786,1990,-2.7128370000009454,-2.7128370000009454,-0.02713159676894783,4022.895628266,5454.000990787146
COL,"GDP per capita, PPP (constant 2021 international $)",1992,10196.43297,1990,200.33511,200.33511,2.0041331408094054,6054.2109166440005,5490.930273242647
COL,"GDP per capita, PPP (constant 2021 international $)",1993,10533.11496,1990,336.68199000000095,336.68199000000095,3.3019585475684288,8152.862603022001,4540.586120686313
COL,"GDP per capita, PPP (constant 2021 international $)",1994,10927.93895,1990,394.82398999999896,394.82398999999896,3.7484067296271073,10330.4790874,399.3127446940744
COL,"GDP per capita, PPP (constant 2021 international $)",1995,11279.00046,1990,351.06150999999954,351.06150999999954,3.21251346302589,10586.51704,524.3363375570397
COL,"GDP per capita, PPP (constant 2021 international $)",1996,11303.13089,1990,24.13043000000107,24.13043000000107,0.21394120946778283,10847.923646000001,480.36129973403104
COL,"GDP per capita, PPP (constant 2021 international $)",1997,11483.50501,1990,180.3741200000004,180.3741200000004,1.5957890053239998,11105.338054000002,377.8890694528882
COL,"GDP per capita, PPP (constant 2021 international $)",1998,11343.87991,1990,-139.6251000000011,-139.6251000000011,-1.2158752913715265,11267.491043999999,205.66695296958179
COL,"GDP per capita, PPP (constant 2021 international $)",1999,10679.70927,1990,-664.1706400000003,-664.1706400000003,-5.854880739829693,11217.845108,311.0722491140086
COL,"GDP per capita, PPP (constant 2021 international $)",2000,10813.49423,2000,133.78496000000086,133.78496000000086,1.2527022657425002,11124.743862,354.78311054176345
COL,"GDP per capita, PPP (constant 2021 international $)",2001,10823.45049,2000,9.95625999999902,9.95625999999902,0.09207255109433543,11028.807782,359.3123046621086
COL,"GDP per capita, PPP (constant 2021 international $)",2002,10925.14856,2000,101.69807000000037,101.69807000000037,0.9396085850252867,10917.136492,254.0002998176507
COL,"GDP per capita, PPP (constant 2021 international $)",2003,11183.29118,2000,258.14262000000053,258.14262000000053,2.362829380143472,10885.018746,188.17228430834248
COL,"GDP per capita, PPP (constant 2021 international $)",2004,11607.93849,2000,424.6473100000003,424.6473100000003,3.797158664342315,11070.66459,335.326077380117
COL,"GDP per capita, PPP (constant 2021 international $)",2005,11999.25496,2000,391.31646999999975,391.31646999999975,3.371110816421985,11307.816736,491.0987915167172
COL,"GDP per capita, PPP (constant 2021 international $)",2006,12636.62466,2000,637.3696999999993,637.3696999999993,5.311743955143022,11670.451570000001,677.9217905825728
COL,"GDP per capita, PPP (constant 2021 international $)",2007,13318.30331,2000,681.6786499999998,681.6786499999998,5.394467813527659,12149.08252,844.5135678902923
COL,"GDP per capita, PPP (constant 2021 international $)",2008,13591.0609,2000,272.7575900000011,272.7575900000011,2.0479905259043196,12630.636464,842.5987177271579
COL,"GDP per capita, PPP (constant 2021 international $)",2009,13586.75184,2000,-4.30905999999959,-4.30905999999959,-0.03170510405114957,13026.399134,693.7210188242219
COL,"GDP per capita, PPP (constant 2021 international $)",2010,14037.06427,2010,450.31242999999995,450.31242999999995,3.314349414068629,13433.960996,514.9953674532609
COL,"GDP per capita, PPP (constant 2021 international $)",2011,14852.36995,2010,815.3056799999995,815.3056799999995,5.808235000693629,13877.110054,603.140573175793
COL,"GDP per capita, PPP (constant 2021 international $)",2012,15279.479,2010,427.1090499999991,427.1090499999991,2.8756962790305263,14269.345192000002,764.8931085777866
COL,"GDP per capita, PPP (constant 2021 international $)",2013,15912.24713,2010,632.7681300000004,632.7681300000004,4.141293888358377,14733.582438000001,935.6444255753676
COL,"GDP per capita, PPP (constant 2021 international $)",2014,16480.36315,2010,568.1160200000013,568.1160200000013,3.570306666045364,15312.304700000002,943.8150132673289
COL,"GDP per capita, PPP (constant 2021 international $)",2015,16821.38014,2010,341.0169900000001,341.0169900000001,2.0692322547516184,15869.167874,816.0475895425866
COL,"GDP per capita, PPP (constant 2021 international $)",2016,17003.24437,2010,181.86422999999922,181.86422999999922,1.0811492783968424,16299.342758000003,705.4668666918236
COL,"GDP per capita, PPP (constant 2021 international $)",2017,16986.03342,2010,-17.210950000000594,-17.210950000000594,-0.10122156469365429,16640.653642,458.1731066724979
COL,"GDP per capita, PPP (constant 2021 international $)",2018,17104.13135,2010,118.0979299999999,118.0979299999999,0.6952649101758412,16879.030486,244.85113999307168
COL,"GDP per capita, PPP (constant 2021 international $)",2019,17336.7716,2010,232.64025000000038,232.64025000000038,1.3601406890505485,17050.312176,189.54717027033598
COL,"GDP per capita, PPP (constant 2021 international $)",2020,15861.49993,2020,-1475.27167,-1475.27167,-8.509494755067315,16858.336134,574.5222351337893
COL,"GDP per capita, PPP (constant 2021 international $)",2021,17383.09017,2020,1521.5902399999995,1521.5902399999995,9.592978260032691,16934.305294,621.6540496398758
COL,"GDP per capita, PPP (constant 2021 international $)",2022,18458.72095,2020,1075.6307799999995,1075.6307799999995,6.187799576949438,17228.8428,926.4475984600477
COL,"GDP per capita, PPP (constant 2021 international $)",2023,18406.62423,2020,-52.09671999999773,-52.09671999999773,-0.28223363981239036,17489.341376,1056.5911249593144
COL,"GDP per capita, PPP (constant 2021 international $)",2024,18481.83749,2020,75.21326000000045,75.21326000000045,0.4086206088643518,17718.354553999998,1136.3400726278273
COL,"GDP per capita, PPP (constant 2021 international $)",2025,18778.64826,2020,296.81077000000005,296.81077000000005,1.6059592027069636,18301.78422,533.7222627706085
COL,Gross capital formation (% of GDP),1976,17.56270314,1970,,,,,
COL,Gross capital formation (% of GDP),1977,18.75203379,1970,1.1893306499999987,1.1893306499999987,6.771911137592679,,
COL,Gross capital formation (% of GDP),1978,18.28426355,1970,-0.4677702400000001,-0.4677702400000001,-2.4945040374737992,18.199666826666668,0.5991613329950527
COL,Gross capital formation (% of GDP),1979,18.15098539,1970,-0.1332781599999997,-0.1332781599999997,-0.728922768125384,18.187496467499997,0.48981833966609994
COL,Gross capital formation (% of GDP),1980,19.06853774,1980,0.9175523500000011,0.9175523500000011,5.055110399160534,18.363704722,0.5789544448180928
COL,Gross capital formation (% of GDP),1981,20.62399478,1980,1.5554570400000003,1.5554570400000003,8.15719097714096,18.97596305,0.9916853467202793
COL,Gross capital formation (% of GDP),1982,20.4871425,1980,-0.13685227999999938,-0.13685227999999938,-0.6635585465368243,19.322984792,1.1795293422710464
COL,Gross capital formation (% of GDP),1983,19.8932137,1980,-0.5939288000000005,-0.5939288000000005,-2.899031917213446,19.644774822,1.036054167142494
COL,Gross capital formation (% of GDP),1984,18.96497004,1980,-0.9282436599999997,-0.9282436599999997,-4.666132249913946,19.807571752,0.7732797717193564
COL,Gross capital formation (% of GDP),1985,19.0409037,1980,0.07593366000000046,0.07593366000000046,0.40038903219907773,19.802044944,0.7799522941232804
COL,Gross capital formation (% of GDP),1986,18.00116265,1980,-1.03974105,-1.03974105,-5.460565666323913,19.277478518,0.9519753347570101
COL,Gross capital formation (% of GDP),1987,19.99748878,1980,1.99632613,1.99632613,11.089984401646413,19.179547774000003,0.8112034003377531
COL,Gross capital formation (% of GDP),1988,21.98974065,1980,1.9922518700000005,1.9922518700000005,9.962510252749857,19.598853164,1.5117029902439973
COL,Gross capital formation (% of GDP),1989,19.97575416,1980,-2.0139864900000006,-2.0139864900000006,-9.158755085181058,19.801009988,1.4728283472027146
COL,Gross capital formation (% of GDP),1990,20.60673055,1990,0.6309763900000007,0.6309763900000007,3.1587112303548714,20.114175358000004,1.4368328600981906
COL,Gross capital formation (% of GDP),1991,19.10546385,1990,-1.5012667000000022,-1.5012667000000022,-7.2853221250083315,20.335035597999997,1.0684959809902934
COL,Gross capital formation (% of GDP),1992,20.55450146,1990,1.4490376100000013,1.4490376100000013,7.584414706581444,20.446438133999997,1.053435977014616
COL,Gross capital formation (% of GDP),1993,24.94213311,1990,4.387631649999999,4.387631649999999,21.346329700764244,21.036916626,2.2652304432685026
COL,Gross capital formation (% of GDP),1994,25.53844675,1990,0.5963136399999982,0.5963136399999982,2.3907884597124562,22.149455144,2.892839165608145
COL,Gross capital formation (% of GDP),1995,25.79874333,1990,0.2602965800000021,0.2602965800000021,1.0192341865896903,23.187857700000002,3.1232987169944124
COL,Gross capital formation (% of GDP),1996,22.15093866,1990,-3.6478046699999993,-3.6478046699999993,-14.139466497804797,23.796952662000002,2.3224048789801683
COL,Gross capital formation (% of GDP),1997,20.92375062,1990,-1.2271880400000015,-1.2271880400000015,-5.54011754913144,23.870802493999996,2.195950185911167
COL,Gross capital formation (% of GDP),1998,19.72807918,1990,-1.1956714399999981,-1.1956714399999981,-5.714422149808618,22.827991708000003,2.732486247294012
COL,Gross capital formation (% of GDP),1999,12.88013417,1990,-6.847945010000002,-6.847945010000002,-34.711666288030386,20.296329192,4.728441919746043
COL,Gross capital formation (% of GDP),2000,14.89562703,2000,2.01549286,2.01549286,15.648073485868053,18.115705932,4.017091156544452
COL,Gross capital formation (% of GDP),2001,16.03225135,2000,1.1366243199999992,1.1366243199999992,7.630590627107026,16.891968470000002,3.3585003493588466
COL,Gross capital formation (% of GDP),2002,17.25154184,2000,1.2192904900000023,1.2192904900000023,7.605235617766204,16.157526714,2.563937432209816
COL,Gross capital formation (% of GDP),2003,18.68181902,2000,1.4302771799999974,1.4302771799999974,8.290720871590217,15.948274682,2.219198914830423
COL,Gross capital formation (% of GDP),2004,19.44099661,2000,0.7591775900000002,0.7591775900000002,4.063724143710279,17.26044717,1.8625259976691624
COL,Gross capital formation (% of GDP),2005,21.65624131,2000,2.2152446999999995,2.2152446999999995,11.39470750620124,18.612570025999997,2.1485729628112957
COL,Gross capital formation (% of GDP),2006,22.9389629,2000,1.2827215900000013,1.2827215900000013,5.923103513847949,19.993912336,2.2904454288193508
COL,Gross capital formation (% of GDP),2007,23.45428069,2000,0.515317790000001,0.515317790000001,2.246473793285575,21.234460106,2.106141045215838
COL,Gross capital formation (% of GDP),2008,23.72092145,2000,0.2666407599999978,0.2666407599999978,1.1368532828793354,22.242280591999997,1.7557991948565868
COL,Gross capital formation (% of GDP),2009,21.98758309,2000,-1.7333383599999976,-1.7333383599999976,-7.307213438793281,22.751597888,0.9016625727410013
COL,Gross capital formation (% of GDP),2010,21.88876227,2010,-0.09882082000000025,-0.09882082000000025,-0.44943921119253716,22.79810208,0.834542936534932
COL,Gross capital formation (% of GDP),2011,22.99559144,2010,1.1068291699999975,1.1068291699999975,5.056609215026198,22.809427788,0.8373121535716266
COL,Gross capital formation (% of GDP),2012,22.10464406,2010,-0.8909473800000001,-0.8909473800000001,-3.8744268975410168,22.539500462,0.7938746125023799
COL,Gross capital formation (% of GDP),2013,22.18254485,2010,0.07790079000000105,0.07790079000000105,0.35241820582385674,22.231825141999998,0.44138669182166507
COL,Gross capital formation (% of GDP),2014,24.00331366,2010,1.8207688100000006,1.8207688100000006,8.20811508468562,22.634971256,0.8725211014845511
COL,Gross capital formation (% of GDP),2015,23.77369229,2010,-0.22962137000000027,-0.22962137000000027,-0.9566236281061902,23.01195726,0.8767037408056811
COL,Gross capital formation (% of GDP),2016,23.16741956,2010,-0.6062727300000006,-0.6062727300000006,-2.550183297589914,23.046322884,0.879265816272754
COL,Gross capital formation (% of GDP),2017,21.59937684,2010,-1.5680427199999976,-1.5680427199999976,-6.768309763368386,22.94526944,1.0305663924050559
COL,Gross capital formation (% of GDP),2018,21.19547556,2010,-0.403901280000003,-0.403901280000003,-1.8699672818894286,22.747855582,1.278029442370329
COL,Gross capital formation (% of GDP),2019,21.38060955,2010,0.18513399000000064,0.18513399000000064,0.8734599489212957,22.22331476,1.1673590256369035
COL,Gross capital formation (% of GDP),2020,19.12814694,2020,-2.2524626099999985,-2.2524626099999985,-10.535071999385526,21.294205690000002,1.4414474849606094
COL,Gross capital formation (% of GDP),2021,18.91695189,2020,-0.2111950500000006,-0.2111950500000006,-1.1041061670137964,20.444112156,1.3076882036353386
COL,Gross capital formation (% of GDP),2022,19.7872446,2020,0.8702927100000011,0.8702927100000011,4.600596941096313,20.081685708,1.1489416430661714
COL,Gross capital formation (% of GDP),2023,16.38060736,2020,-3.406637240000002,-3.406637240000002,-17.216329554040087,19.118712068,1.8097741256596334
COL,Gross capital formation (% of GDP),2024,16.47255964,2020,0.091952280000001,0.091952280000001,0.5613484163263793,18.137102086,1.5944655227497502
COL,Gross capital formation (% of GDP),2025,16.71905046,2020,0.24649081999999822,0.24649081999999822,1.4963723027078935,17.65528279,1.5840795871990012
COL,"Inflation, GDP deflator (annual %)",1976,25.45755816,1970,,,,,
COL,"Inflation, GDP deflator (annual %)",1977,29.15281707,1970,3.6952589099999997,3.6952589099999997,14.515370589651244,,
COL,"Inflation, GDP deflator (annual %)",1978,17.09993136,1970,-12.052885710000002,-12.052885710000002,-41.34381140957779,23.90343553,6.174907800638739
COL,"Inflation, GDP deflator (annual %)",1979,24.04062554,1970,6.940694180000001,6.940694180000001,40.589017779542715,23.9377330325,5.042257712470712
COL,"Inflation, GDP deflator (annual %)",1980,27.61593603,1980,3.5753104899999997,3.5753104899999997,14.871952828561884,24.673373632,4.666273415413137
COL,"Inflation, GDP deflator (annual %)",1981,22.7658773,1980,-4.850058730000001,-4.850058730000001,-17.562536083264536,24.13503746,4.708263959831329
COL,"Inflation, GDP deflator (annual %)",1982,24.76645731,1980,2.00058001,2.00058001,8.787625372996288,23.257765508,3.874388548061459
COL,"Inflation, GDP deflator (annual %)",1983,20.4025757,1980,-4.36388161,-4.36388161,-17.620128528588495,23.918294376,2.6502472527824885
COL,"Inflation, GDP deflator (annual %)",1984,22.1802267,1980,1.7776509999999988,1.7776509999999988,8.712875404255938,23.546214607999996,2.7572150608639636
COL,"Inflation, GDP deflator (annual %)",1985,24.88350804,1980,2.70328134,2.70328134,12.187798513348834,22.99972901,1.880254523588351
COL,"Inflation, GDP deflator (annual %)",1986,29.16892637,1980,4.285418330000002,4.285418330000002,17.221921937659413,24.280338823999998,3.314586333907043
COL,"Inflation, GDP deflator (annual %)",1987,23.37693652,1980,-5.79198985,-5.79198985,-19.856712504705055,24.002434666,3.3218820416657806
COL,"Inflation, GDP deflator (annual %)",1988,27.75005625,1980,4.373119729999999,4.373119729999999,18.70698380969893,25.471930776,2.933777005423765
COL,"Inflation, GDP deflator (annual %)",1989,24.68581614,1980,-3.06424011,-3.06424011,-11.042284319693952,25.973048664000004,2.3955821254354563
COL,"Inflation, GDP deflator (annual %)",1990,52.33610317,1990,27.65028703,27.65028703,112.00880243613449,31.46356769,11.89590058717145
COL,"Inflation, GDP deflator (annual %)",1991,27.00577404,1990,-25.330329130000003,-25.330329130000003,-48.399341173188084,31.030937223999995,12.038692858419436
COL,"Inflation, GDP deflator (annual %)",1992,22.66438495,1990,-4.34138909,-4.34138909,-16.075780992500665,30.88842691,12.155599812290184
COL,"Inflation, GDP deflator (annual %)",1993,24.84157828,1990,2.1771933300000015,2.1771933300000015,9.606231692601042,30.306731316000004,12.410253687177246
COL,"Inflation, GDP deflator (annual %)",1994,22.09637826,1990,-2.7452000199999986,-2.7452000199999986,-11.050827725427425,29.788843739999997,12.75276203908286
COL,"Inflation, GDP deflator (annual %)",1995,18.85095726,1990,-3.2454210000000003,-3.2454210000000003,-14.687569889564333,23.091814558,3.063462584426975
COL,"Inflation, GDP deflator (annual %)",1996,16.86837879,1990,-1.98257847,-1.98257847,-10.517123574444941,21.064335508,3.1779682764887514
COL,"Inflation, GDP deflator (annual %)",1997,16.83985293,1990,-0.028525860000002012,-0.028525860000002012,-0.16910848609181794,19.899429104,3.4963906264194615
COL,"Inflation, GDP deflator (annual %)",1998,14.77304541,1990,-2.0668075199999993,-2.0668075199999993,-12.273310987876895,17.885722530000002,2.760384489499289
COL,"Inflation, GDP deflator (annual %)",1999,12.62294083,1990,-2.1501045800000007,-2.1501045800000007,-14.554240647934225,15.991035044,2.371546769342797
COL,"Inflation, GDP deflator (annual %)",2000,33.67537051,2000,21.052429680000003,21.052429680000003,166.77912036128907,18.955917694,8.412800610792774
COL,"Inflation, GDP deflator (annual %)",2001,6.518448292,2000,-27.156922218,-27.156922218,-80.64327669367638,16.8859315944,10.1490082108439
COL,"Inflation, GDP deflator (annual %)",2002,5.968190572,2000,-0.5502577200000003,-0.5502577200000003,-8.441544603112428,14.711599122800001,11.264610600889847
COL,"Inflation, GDP deflator (annual %)",2003,6.829014842,2000,0.8608242700000002,0.8608242700000002,14.42353858535601,13.1227930092,11.801224967385384
COL,"Inflation, GDP deflator (annual %)",2004,7.283033407,2000,0.45401856499999926,0.45401856499999926,6.648375724821709,12.054811524600002,12.095718877732676
COL,"Inflation, GDP deflator (annual %)",2005,4.753196108,2000,-2.5298372989999995,-2.5298372989999995,-34.73603864796881,6.270376644200001,0.9736841247786192
COL,"Inflation, GDP deflator (annual %)",2006,5.807660873,2000,1.0544647649999996,1.0544647649999996,22.184331154047122,6.1282191604,0.9802761971578325
COL,"Inflation, GDP deflator (annual %)",2007,5.202033812,2000,-0.6056270609999999,-0.6056270609999999,-10.428072062808958,5.9749878084,1.0675411707709073
COL,"Inflation, GDP deflator (annual %)",2008,7.677382915,2000,2.475349103,2.475349103,47.58425632086223,6.1446614230000005,1.282908595006143
COL,"Inflation, GDP deflator (annual %)",2009,4.064225467,2000,-3.613157448,-3.613157448,-47.06235820204625,5.500899835,1.3732803732944212
COL,"Inflation, GDP deflator (annual %)",2010,3.804860291,2010,-0.2593651760000002,-0.2593651760000002,-6.381663077158217,5.3112326716,1.5557327085479433
COL,"Inflation, GDP deflator (annual %)",2011,6.386803373,2010,2.5819430820000004,2.5819430820000004,67.85907719416973,5.4270611716,1.6220779273271124
COL,"Inflation, GDP deflator (annual %)",2012,3.616655063,2010,-2.77014831,-2.77014831,-43.37300130000416,5.109985421799999,1.819944712018662
COL,"Inflation, GDP deflator (annual %)",2013,1.907676432,2010,-1.7089786310000001,-1.7089786310000001,-47.253016979241856,3.9560441251999996,1.6011047293422551
COL,"Inflation, GDP deflator (annual %)",2014,2.235632376,2010,0.32795594399999994,0.32795594399999994,17.191382065572427,3.590325507,1.7701347591970016
COL,"Inflation, GDP deflator (annual %)",2015,2.449328421,2010,0.21369604500000028,0.21369604500000028,9.558639751958943,3.319219133,1.8317931180585818
COL,"Inflation, GDP deflator (annual %)",2016,5.148334305,2010,2.6990058839999995,2.6990058839999995,110.19371109481769,3.0715253194,1.3276569799775817
COL,"Inflation, GDP deflator (annual %)",2017,5.1337359,2010,-0.014598405000000092,-0.014598405000000092,-0.2835558869170973,3.3749414868,1.6237249931958488
COL,"Inflation, GDP deflator (annual %)",2018,4.630579673,2010,-0.5031562269999998,-0.5031562269999998,-9.800976068909195,3.919522135,1.4566100641345445
COL,"Inflation, GDP deflator (annual %)",2019,4.002620543,2010,-0.6279591299999998,-0.6279591299999998,-13.561134336193504,4.2729197683999995,1.12180910856478
COL,"Inflation, GDP deflator (annual %)",2020,1.48172462,2020,-2.520895923,-2.520895923,-62.981136880653835,4.0793990082,1.5257667117906035
COL,"Inflation, GDP deflator (annual %)",2021,7.802113095,2020,6.320388475,6.320388475,426.55621629611585,4.6101547662,2.27042536572427
COL,"Inflation, GDP deflator (annual %)",2022,14.92503668,2020,7.122923585,7.122923585,91.29480050173508,6.568414922200001,5.185751220035004
COL,"Inflation, GDP deflator (annual %)",2023,6.992906539,2020,-7.932130141,-7.932130141,-53.146469995811096,7.040880295400001,5.071413336036231
COL,"Inflation, GDP deflator (annual %)",2024,6.357571171,2020,-0.6353353679999998,-0.6353353679999998,-9.08542627384884,7.511870421,4.8219203499248
COL,"Inflation, GDP deflator (annual %)",2025,5.422716818,2020,-0.9348543530000004,-0.9348543530000004,-14.70458336769126,8.3000688606,3.8045789497244695
MEX,Broad money (% of GDP),1976,38.73231218,1970,,,,,
MEX,Broad money (% of GDP),1977,29.97836668,1970,-8.7539455,-8.7539455,-22.601143611870988,,
MEX,Broad money (% of GDP),1978,32.02396234,1970,2.0455956599999965,2.0455956599999965,6.823572751095575,33.578213733333335,4.579264515127023
MEX,Broad money (% of GDP),1979,33.13233377,1970,1.1083714300000054,1.1083714300000054,3.4610689902528913,33.4667437425,3.745594465737032
MEX,Broad money (% of GDP),1980,29.77619214,1980,-3.3561416300000033,-3.3561416300000033,-10.129505676532979,32.728633422,3.6395250586392422
MEX,Broad money (% of GDP),1981,32.63644311,1980,2.8602509700000027,2.8602509700000027,9.60583192287261,31.509459607999997,1.5424807203415563
MEX,Broad money (% of GDP),1982,31.29094902,1980,-1.3454940900000025,-1.3454940900000025,-4.122673801998156,31.771976075999998,1.31109819746102
MEX,Broad money (% of GDP),1983,28.40351693,1980,-2.887432090000001,-2.887432090000001,-9.227691011079475,31.047886994,1.9708760032794113
MEX,Broad money (% of GDP),1984,29.13411489,1980,0.7305979600000008,0.7305979600000008,2.5722094971567966,30.248243218,1.7071806687346087
MEX,Broad money (% of GDP),1985,25.49850291,1980,-3.63561198,-3.63561198,-12.478882553071447,29.392705372,2.7538763174075167
MEX,Broad money (% of GDP),1986,26.56778188,1980,1.0692789699999992,1.0692789699999992,4.193497060490747,28.178973126,2.2598654541885344
MEX,Broad money (% of GDP),1987,25.97513147,1980,-0.5926504099999974,-0.5926504099999974,-2.2307109139816483,27.115809616,1.5770945056531225
MEX,Broad money (% of GDP),1988,11.12999972,1980,-14.84513175,-14.84513175,-57.151324785960746,23.661106174,7.144262678239337
MEX,Broad money (% of GDP),1989,16.51663765,1980,5.386637929999999,5.386637929999999,48.397466895893125,21.137610726,6.953621656506863
MEX,Broad money (% of GDP),1990,22.51341708,1990,5.99677943,5.99677943,36.307507357588605,20.54059356,6.60501195245145
MEX,Broad money (% of GDP),1991,26.11474576,1990,3.6013286800000017,3.6013286800000017,15.996366376560744,20.449986336000002,6.503996020273259
MEX,Broad money (% of GDP),1992,27.13845607,1990,1.0237103099999985,1.0237103099999985,3.9200470087210837,20.682651256,6.766564688466348
MEX,Broad money (% of GDP),1993,21.58680066,1990,-5.551655409999999,-5.551655409999999,-20.4567842609773,22.774011444000003,4.208354438778666
MEX,Broad money (% of GDP),1994,22.91993355,1990,1.3331328899999981,1.3331328899999981,6.175685369023998,24.054670624000003,2.424206835036085
MEX,Broad money (% of GDP),1995,23.13939381,1990,0.21946026000000174,0.21946026000000174,0.9575082734042395,24.17986597,2.339391742643578
MEX,Broad money (% of GDP),1996,21.83881419,1990,-1.3005796200000006,-1.3005796200000006,-5.620629609743444,23.324679656,2.234449617848985
MEX,Broad money (% of GDP),1997,27.14071542,1990,5.301901229999999,5.301901229999999,24.277422683635173,23.325131526,2.2354137074618747
MEX,Broad money (% of GDP),1998,25.94257689,1990,-1.1981385299999978,-1.1981385299999978,-4.41454291627511,24.196286772,2.237351475221545
MEX,Broad money (% of GDP),1999,25.99769685,1990,0.05511995999999897,0.05511995999999897,0.21246910140697572,24.811839432,2.221735910856024
MEX,Broad money (% of GDP),2000,21.35725151,2000,-4.640445339999999,-4.640445339999999,-17.84944784445396,24.455410972,2.657364246162934
MEX,Broad money (% of GDP),2001,23.94671874,2000,2.5894672300000003,2.5894672300000003,12.124534043097945,24.876991882000002,2.2786989542325844
MEX,Broad money (% of GDP),2002,23.90551374,2000,-0.04120500000000149,-0.04120500000000149,-0.17206950333105153,24.229951546000002,1.903673766557453
MEX,Broad money (% of GDP),2003,24.77253782,2000,0.8670240800000002,0.8670240800000002,3.6268790933752237,23.995943732,1.7017205446747794
MEX,Broad money (% of GDP),2004,25.01010318,2000,0.2375653600000014,0.2375653600000014,0.9589867688412745,23.798424998,1.4499867963030741
MEX,Broad money (% of GDP),2005,25.43708318,2000,0.4269799999999968,0.4269799999999968,1.7072300618953262,24.614391332000004,0.672070343347265
MEX,Broad money (% of GDP),2006,24.40477832,2000,-1.03230486,-1.03230486,-4.058267422782391,24.706003248,0.583716839433604
MEX,Broad money (% of GDP),2007,24.81360874,2000,0.408830420000001,0.408830420000001,1.6752064478494422,24.887622248,0.37708406829211966
MEX,Broad money (% of GDP),2008,25.18026361,2000,0.3666548700000014,0.3666548700000014,1.4776362190677572,24.969167406,0.3898448587123682
MEX,Broad money (% of GDP),2009,28.47563996,2000,3.295376349999998,3.295376349999998,13.087139995989894,25.662274762,1.620154395043398
MEX,Broad money (% of GDP),2010,29.30788464,2010,0.8322446800000023,0.8322446800000023,2.9226548768317873,26.436435053999997,2.2772099376503374
MEX,Broad money (% of GDP),2011,29.48742624,2010,0.1795416000000003,0.1795416000000003,0.6126051136251531,27.452964638000005,2.277992348376092
MEX,Broad money (% of GDP),2012,29.98510736,2010,0.4976811199999993,0.4976811199999993,1.6877740225591076,28.487264362,1.9270225848428781
MEX,Broad money (% of GDP),2013,31.65407987,2010,1.6689725099999997,1.6689725099999997,5.566004783515965,29.782027614000004,1.1794141834308076
MEX,Broad money (% of GDP),2014,33.19596884,2010,1.5418889699999987,1.5418889699999987,4.871059201001504,30.72609339,1.662536940138292
MEX,Broad money (% of GDP),2015,35.12920262,2010,1.933233780000002,1.933233780000002,5.82370042976581,31.890356986,2.326726377186315
MEX,Broad money (% of GDP),2016,36.55344349,2010,1.4242408699999984,1.4242408699999984,4.054293191355107,33.303560436,2.628649946048058
MEX,Broad money (% of GDP),2017,37.44990477,2010,0.896461280000004,0.896461280000004,2.4524673858572266,34.796519918,2.3808928262022704
MEX,Broad money (% of GDP),2018,36.48982086,2010,-0.9600839100000016,-0.9600839100000016,-2.5636484682575067,35.763668116000005,1.6575631993891378
MEX,Broad money (% of GDP),2019,36.76748873,2010,0.2776678699999948,0.2776678699999948,0.7609461034772336,36.477972094,0.8446135844373045
MEX,Broad money (% of GDP),2020,43.50138124,2020,6.733892510000004,6.733892510000004,18.3148013165924,38.152407818,3.014295539473108
MEX,Broad money (% of GDP),2021,42.99093586,2020,-0.5104453800000002,-0.5104453800000002,-1.1734003966077267,39.439906292,3.4967955146602643
MEX,Broad money (% of GDP),2022,41.70869538,2020,-1.2822404799999987,-1.2822404799999987,-2.9825833151797765,40.291664414,3.408451036090059
MEX,Broad money (% of GDP),2023,42.90254144,2020,1.1938460599999985,1.1938460599999985,2.862343329425898,41.57420853,2.76623486213961
MEX,Broad money (% of GDP),2024,46.43987476,2020,3.537333320000002,3.537333320000002,8.245043769602844,43.508685736000004,1.7654577008136845
MEX,Broad money (% of GDP),2025,48.00314815,2020,1.563273389999999,1.563273389999999,3.3662308481212655,44.409039118,2.6746178019603275
MEX,Domestic credit to private sector (% of GDP),1976,48.00314815,1970,,,,,
MEX,Domestic credit to private sector (% of GDP),1977,48.00314815,1970,0.0,0.0,0.0,,
MEX,Domestic credit to private sector (% of GDP),1978,48.00314815,1970,0.0,0.0,0.0,48.00314815,0.0
MEX,Domestic credit to private sector (% of GDP),1979,48.00314815,1970,0.0,0.0,0.0,48.00314815,0.0
MEX,Domestic credit to private sector (% of GDP),1980,48.00314815,1980,0.0,0.0,0.0,48.00314815,0.0
MEX,Domestic credit to private sector (% of GDP),1981,48.00314815,1980,0.0,0.0,0.0,48.00314815,0.0
MEX,Domestic credit to private sector (% of GDP),1982,48.00314815,1980,0.0,0.0,0.0,48.00314815,0.0
MEX,Domestic credit to private sector (% of GDP),1983,48.00314815,1980,0.0,0.0,0.0,48.00314815,0.0
MEX,Domestic credit to private sector (% of GDP),1984,48.00314815,1980,0.0,0.0,0.0,48.00314815,0.0
MEX,Domestic credit to private sector (% of GDP),1985,48.00314815,1980,0.0,0.0,0.0,48.00314815,0.0
MEX,Domestic credit to private sector (% of GDP),1986,48.00314815,1980,0.0,0.0,0.0,48.00314815,0.0
MEX,Domestic credit to private sector (% of GDP),1987,48.00314815,1980,0.0,0.0,0.0,48.00314815,0.0
MEX,Domestic credit to private sector (% of GDP),1988,48.00314815,1980,0.0,0.0,0.0,48.00314815,0.0
MEX,Domestic credit to private sector (% of GDP),1989,48.00314815,1980,0.0,0.0,0.0,48.00314815,0.0
MEX,Domestic credit to private sector (% of GDP),1990,48.00314815,1990,0.0,0.0,0.0,48.00314815,0.0
MEX,Domestic credit to private sector (% of GDP),1991,48.00314815,1990,0.0,0.0,0.0,48.00314815,0.0
MEX,Domestic credit to private sector (% of GDP),1992,48.00314815,1990,0.0,0.0,0.0,48.00314815,0.0
MEX,Domestic credit to private sector (% of GDP),1993,48.00314815,1990,0.0,0.0,0.0,48.00314815,0.0
MEX,Domestic credit to private sector (% of GDP),1994,48.00314815,1990,0.0,0.0,0.0,48.00314815,0.0
MEX,Domestic credit to private sector (% of GDP),1995,48.00314815,1990,0.0,0.0,0.0,48.00314815,0.0
MEX,Domestic credit to private sector (% of GDP),1996,48.00314815,1990,0.0,0.0,0.0,48.00314815,0.0
MEX,Domestic credit to private sector (% of GDP),1997,20.31290908,1990,-27.69023907,-27.69023907,-57.684214759152205,42.465100336,12.38345137474811
MEX,Domestic credit to private sector (% of GDP),1998,17.93177764,1990,-2.3811314400000008,-2.3811314400000008,-11.722257164752692,36.450826234,15.84105390945456
MEX,Domestic credit to private sector (% of GDP),1999,15.538535,1990,-2.3932426400000004,-2.3932426400000004,-13.346376962992501,29.957903604000002,16.559238489872435
MEX,Domestic credit to private sector (% of GDP),2000,14.34778095,2000,-1.190754049999999,-1.190754049999999,-7.663232408975484,23.226830164,14.038712972816494
MEX,Domestic credit to private sector (% of GDP),2001,12.24097723,2000,-2.1068037200000003,-2.1068037200000003,-14.683829697023643,16.07439598,3.1376067987534206
MEX,Domestic credit to private sector (% of GDP),2002,14.17826254,2000,1.93728531,1.93728531,15.826230811475828,14.847466672000001,2.0905655205949962
MEX,Domestic credit to private sector (% of GDP),2003,14.64127546,2000,0.46301291999999883,0.46301291999999883,3.265653451498296,14.189366236000001,1.2089165120952787
MEX,Domestic credit to private sector (% of GDP),2004,14.10549326,2000,-0.5357821999999999,-0.5357821999999999,-3.6593956685246343,13.902757888,0.9515741076631664
MEX,Domestic credit to private sector (% of GDP),2005,15.31359081,2000,1.2080975500000015,1.2080975500000015,8.564730972052526,14.09591986,1.143221260348623
MEX,Domestic credit to private sector (% of GDP),2006,18.35189167,2000,3.0383008599999997,3.0383008599999997,19.840551427141072,15.318102748000001,1.7629271275903389
MEX,Domestic credit to private sector (% of GDP),2007,20.43946981,2000,2.087578139999998,2.087578139999998,11.375274971857973,16.570344201999998,2.7166279565465254
MEX,Domestic credit to private sector (% of GDP),2008,19.75537532,2000,-0.6840944899999997,-0.6840944899999997,-3.3469287430601846,17.593164174,2.770946740412792
MEX,Domestic credit to private sector (% of GDP),2009,21.61192257,2000,1.856547250000002,1.856547250000002,9.39768149137854,19.094450036,2.420219917521478
MEX,Domestic credit to private sector (% of GDP),2010,22.32377503,2010,0.7118524599999994,0.7118524599999994,3.2937951618803973,20.49648688,1.5600452451008557
MEX,Domestic credit to private sector (% of GDP),2011,23.58483284,2010,1.2610578100000005,1.2610578100000005,5.648945164092178,21.543075113999997,1.516313140746695
MEX,Domestic credit to private sector (% of GDP),2012,24.92705638,2010,1.342223539999999,1.342223539999999,5.691045381180659,22.440592428000002,1.9623022231665557
MEX,Domestic credit to private sector (% of GDP),2013,27.85905933,2010,2.932002950000001,2.932002950000001,11.762331280930827,24.061329230000002,2.470727312167683
MEX,Domestic credit to private sector (% of GDP),2014,28.18368211,2010,0.32462277999999856,0.32462277999999856,1.1652323797251452,25.375681137999997,2.587207442168157
MEX,Domestic credit to private sector (% of GDP),2015,30.83049787,2010,2.646815759999999,2.646815759999999,9.391305755115887,27.077025706,2.861057382664021
MEX,Domestic credit to private sector (% of GDP),2016,32.95084239,2010,2.1203445199999997,2.1203445199999997,6.877425492577682,28.950227616,3.06204514309238
MEX,Domestic credit to private sector (% of GDP),2017,34.34312567,2010,1.392283280000001,1.392283280000001,4.225334404265602,30.833441474,2.857859876077974
MEX,Domestic credit to private sector (% of GDP),2018,33.61521781,2010,-0.727907860000002,-0.727907860000002,-2.1195154657569715,31.984673169999997,2.49670335847063
MEX,Domestic credit to private sector (% of GDP),2019,35.58518648,2010,1.96996867,1.96996867,5.86034777800537,33.464974043999995,1.7673299288938367
MEX,Domestic credit to private sector (% of GDP),2020,36.93258977,2020,1.3474032900000026,1.3474032900000026,3.78641626834606,34.685392424,1.5914309057319578
MEX,Domestic credit to private sector (% of GDP),2021,35.05706055,2020,-1.875529219999997,-1.875529219999997,-5.078249945860747,35.106636056,1.2622253858570163
MEX,Domestic credit to private sector (% of GDP),2022,34.24876961,2020,-0.8082909400000062,-0.8082909400000062,-2.305643791347489,35.087764844000006,1.2771117624584227
MEX,Domestic credit to private sector (% of GDP),2023,33.22560992,2020,-1.02315969,-1.02315969,-2.9874348820439267,35.009843266000004,1.395790559797908
MEX,Domestic credit to private sector (% of GDP),2024,35.07481995,2020,1.8492100300000018,1.8492100300000018,5.56561650622065,34.90776996,1.3614360528374772
MEX,Domestic credit to private sector (% of GDP),2025,35.50211225,2020,0.42729230000000484,0.42729230000000484,1.2182309149672665,34.621674455999994,0.902514101210013
MEX,"GDP per capita, PPP (constant 2021 international $)",1976,35.50211225,1970,,,,,
MEX,"GDP per capita, PPP (constant 2021 international $)",1977,35.50211225,1970,0.0,0.0,0.0,,
MEX,"GDP per capita, PPP (constant 2021 international $)",1978,35.50211225,1970,0.0,0.0,0.0,35.50211225,0.0
MEX,"GDP per capita, PPP (constant 2021 international $)",1979,35.50211225,1970,0.0,0.0,0.0,35.50211225,0.0
MEX,"GDP per capita, PPP (constant 2021 international $)",1980,35.50211225,1980,0.0,0.0,0.0,35.50211225,0.0
MEX,"GDP per capita, PPP (constant 2021 international $)",1981,35.50211225,1980,0.0,0.0,0.0,35.50211225,0.0
MEX,"GDP per capita, PPP (constant 2021 international $)",1982,35.50211225,1980,0.0,0.0,0.0,35.50211225,0.0
MEX,"GDP per capita, PPP (constant 2021 international $)",1983,35.50211225,1980,0.0,0.0,0.0,35.50211225,0.0
MEX,"GDP per capita, PPP (constant 2021 international $)",1984,35.50211225,1980,0.0,0.0,0.0,35.50211225,0.0
MEX,"GDP per capita, PPP (constant 2021 international $)",1985,35.50211225,1980,0.0,0.0,0.0,35.50211225,0.0
MEX,"GDP per capita, PPP (constant 2021 international $)",1986,35.50211225,1980,0.0,0.0,0.0,35.50211225,0.0
MEX,"GDP per capita, PPP (constant 2021 international $)",1987,35.50211225,1980,0.0,0.0,0.0,35.50211225,0.0
MEX,"GDP per capita, PPP (constant 2021 international $)",1988,35.50211225,1980,0.0,0.0,0.0,35.50211225,0.0
MEX,"GDP per capita, PPP (constant 2021 international $)",1989,35.50211225,1980,0.0,0.0,0.0,35.50211225,0.0
MEX,"GDP per capita, PPP (constant 2021 international $)",1990,17169.59259,1990,17134.09047775,17134.09047775,48262.172000061764,3462.3202078000004,7662.5982081761695
MEX,"GDP per capita, PPP (constant 2021 international $)",1991,17511.73131,1990,342.138719999999,342.138719999999,1.9927014470877413,6957.56604735,9479.198250168001
MEX,"GDP per capita, PPP (constant 2021 international $)",1992,17796.40597,1990,284.6746600000006,284.6746600000006,1.6256225895690646,10509.746818900001,9564.208519819138
MEX,"GDP per capita, PPP (constant 2021 international $)",1993,17970.58719,1990,174.18121999999858,174.18121999999858,0.9787437996954029,14096.763834449997,7866.33999966547
MEX,"GDP per capita, PPP (constant 2021 international $)",1994,18422.81993,1990,452.2327400000031,452.2327400000031,2.5165162118445217,17774.227398,472.81306475096875
MEX,"GDP per capita, PPP (constant 2021 international $)",1995,17028.1215,1990,-1394.6984300000004,-1394.6984300000004,-7.5704937425396635,17745.93318,519.9270917448057
MEX,"GDP per capita, PPP (constant 2021 international $)",1996,17775.87279,1990,747.7512900000002,747.7512900000002,4.391272930487378,17798.761476,503.335981965571
MEX,"GDP per capita, PPP (constant 2021 international $)",1997,18737.64265,1990,961.7698600000003,961.7698600000003,5.410535231446145,17987.008812,655.3044055804532
MEX,"GDP per capita, PPP (constant 2021 international $)",1998,19573.06546,1990,835.42281,835.42281,4.458526750695602,18307.504466000002,964.2891365824956
MEX,"GDP per capita, PPP (constant 2021 international $)",1999,19793.28529,1990,220.21982999999818,220.21982999999818,1.1251167092351633,18581.597538,1176.650553038227
MEX,"GDP per capita, PPP (constant 2021 international $)",2000,20470.49377,2000,677.2084800000011,677.2084800000011,3.421405138550404,19270.071992,1039.5530170981315
MEX,"GDP per capita, PPP (constant 2021 international $)",2001,20078.21839,2000,-392.27537999999913,-392.27537999999913,-1.9162966189652297,19730.541112,648.6509451173259
MEX,"GDP per capita, PPP (constant 2021 international $)",2002,19744.79337,2000,-333.4250200000024,-333.4250200000024,-1.6606305077649042,19931.971256,351.59545320696463
MEX,"GDP per capita, PPP (constant 2021 international $)",2003,19701.46339,2000,-43.32997999999861,-43.32997999999861,-0.21945015674782464,19957.650842,322.29673868310704
MEX,"GDP per capita, PPP (constant 2021 international $)",2004,20127.22429,2000,425.7608999999975,425.7608999999975,2.161062310813433,20024.438642,314.21999439135544
MEX,"GDP per capita, PPP (constant 2021 international $)",2005,20277.25529,2000,150.03100000000268,150.03100000000268,0.7454132663218038,19985.790946,251.20692554223584
MEX,"GDP per capita, PPP (constant 2021 international $)",2006,20965.82561,2000,688.5703199999989,688.5703199999989,3.395776746666379,20163.31239,511.56022924957864
MEX,"GDP per capita, PPP (constant 2021 international $)",2007,21102.26883,2000,136.44322000000102,136.44322000000102,0.6507886812476604,20434.807482,588.3682039791912
MEX,"GDP per capita, PPP (constant 2021 international $)",2008,20992.56027,2000,-109.70855999999912,-109.70855999999912,-0.5198898795376605,20693.026858,454.04211213171635
MEX,"GDP per capita, PPP (constant 2021 international $)",2009,19385.54373,2000,-1607.0165400000005,-1607.0165400000005,-7.655171733847787,20544.690746,725.2548744732782
MEX,"GDP per capita, PPP (constant 2021 international $)",2010,20058.38549,2010,672.8417599999993,672.8417599999993,3.470842857808254,20500.916785999998,751.5598467197893
MEX,"GDP per capita, PPP (constant 2021 international $)",2011,20457.60017,2010,399.21468000000095,399.21468000000095,1.9902632751725102,20399.271698,705.9472904937529
MEX,"GDP per capita, PPP (constant 2021 international $)",2012,20898.93572,2010,441.3355499999998,441.3355499999998,2.1573182892057563,20358.605076,659.6659390135325
MEX,"GDP per capita, PPP (constant 2021 international $)",2013,20805.34804,2010,-93.58768000000055,-93.58768000000055,-0.44781074622110006,20321.16263,618.7299508772049
MEX,"GDP per capita, PPP (constant 2021 international $)",2014,21069.76617,2010,264.4181299999982,264.4181299999982,1.2709142355688208,20658.007118,402.8059387079124
MEX,"GDP per capita, PPP (constant 2021 international $)",2015,21408.92832,2010,339.1621500000001,339.1621500000001,1.6097100806126363,20928.115683999997,349.4831414919503
MEX,"GDP per capita, PPP (constant 2021 international $)",2016,21578.26335,2010,169.335030000002,169.335030000002,0.7909551915394664,21152.248320000002,331.1660500554667
MEX,"GDP per capita, PPP (constant 2021 international $)",2017,21777.52251,2010,199.2591599999978,199.2591599999978,0.9234253784375923,21327.965678,390.8648745686463
MEX,"GDP per capita, PPP (constant 2021 international $)",2018,21997.77302,2010,220.25051000000167,220.25051000000167,1.011366237361777,21566.450674,354.3439762254546
MEX,"GDP per capita, PPP (constant 2021 international $)",2019,21704.18595,2010,-293.5870700000014,-293.5870700000014,-1.3346217807278848,21693.334629999998,220.23648212721315
MEX,"GDP per capita, PPP (constant 2021 international $)",2020,19728.48178,2020,-1975.7041700000009,-1975.7041700000009,-9.102871559207227,21357.245322,923.173343753058
MEX,"GDP per capita, PPP (constant 2021 international $)",2021,20782.58774,2020,1054.1059600000008,1054.1059600000008,5.343066799334828,21198.1102,943.8959851387382
MEX,"GDP per capita, PPP (constant 2021 international $)",2022,21391.85737,2020,609.2696300000025,609.2696300000025,2.931635066923599,21120.977172,899.4206946564757
MEX,"GDP per capita, PPP (constant 2021 international $)",2023,21864.92361,2020,473.0662400000001,473.0662400000001,2.2114313489366655,21094.407289999996,868.4736458725633
MEX,"GDP per capita, PPP (constant 2021 international $)",2024,21970.35204,2020,105.42842999999993,105.42842999999993,0.48218064641114555,21147.640508000004,921.7193455261641
MEX,"GDP per capita, PPP (constant 2021 international $)",2025,21911.92928,2020,-58.42276000000129,-58.42276000000129,-0.2659163580703394,21584.330008,503.71208104534674
MEX,Gross capital formation (% of GDP),1976,22.2885558,1970,,,,,
MEX,Gross capital formation (% of GDP),1977,22.8457112,1970,0.5571553999999992,0.5571553999999992,2.499737555898518,,
MEX,Gross capital formation (% of GDP),1978,23.60549422,1970,0.7597830200000004,0.7597830200000004,3.32571401848063,22.913253740000002,0.6610621729839501
MEX,Gross capital formation (% of GDP),1979,25.94664928,1970,2.3411550599999984,2.3411550599999984,9.91783962742212,23.671602625,1.6098781288935535
MEX,Gross capital formation (% of GDP),1980,25.72981767,1980,-0.21683160999999984,-0.21683160999999984,-0.8356825101387466,24.083245634,1.670637760470601
MEX,Gross capital formation (% of GDP),1981,25.94430226,1980,0.21448459000000142,0.21448459000000142,0.8336032254518511,24.814394926,1.4776540389918709
MEX,Gross capital formation (% of GDP),1982,21.55988646,1980,-4.384415799999999,-4.384415799999999,-16.899339809032888,24.557229978,1.9441763375299295
MEX,Gross capital formation (% of GDP),1983,19.78151126,1980,-1.7783752000000028,-1.7783752000000028,-8.2485369452173,23.792433386,2.9196063823044205
MEX,Gross capital formation (% of GDP),1984,18.93074176,1980,-0.8507694999999984,-0.8507694999999984,-4.300831664567162,22.389251882,3.2881306768773886
MEX,Gross capital formation (% of GDP),1985,20.00977669,1980,1.0790349299999988,1.0790349299999988,5.699908348440741,21.245243686000002,2.7931148399099217
MEX,Gross capital formation (% of GDP),1986,17.83419879,1980,-2.1755779000000004,-2.1755779000000004,-10.8725746104266,19.623222992000002,1.3788838037996178
MEX,Gross capital formation (% of GDP),1987,18.31057874,1980,0.4763799500000019,0.4763799500000019,2.6711598071179843,18.973361448,0.9308667452562861
MEX,Gross capital formation (% of GDP),1988,22.75126853,1980,4.44068979,4.44068979,24.252044968404963,19.567312902,1.9571430544765167
MEX,Gross capital formation (% of GDP),1989,23.10624119,1980,0.35497265999999783,0.35497265999999783,1.5602323867432988,20.402412788,2.44711397637789
MEX,Gross capital formation (% of GDP),1990,23.27060354,1990,0.1643623500000011,0.1643623500000011,0.7113331357033292,21.054578157999998,2.7340091435840845
MEX,Gross capital formation (% of GDP),1991,23.42627673,1990,0.15567319000000168,0.15567319000000168,0.6689692844984219,22.172993746,2.173652898577954
MEX,Gross capital formation (% of GDP),1992,23.32059903,1990,-0.1056777000000011,-0.1056777000000011,-0.4511075371387063,23.174997804,0.263512448488572
MEX,Gross capital formation (% of GDP),1993,22.62403067,1990,-0.6965683600000006,-0.6965683600000006,-2.98692310220644,23.149550232,0.3156483932059138
MEX,Gross capital formation (% of GDP),1994,24.33725794,1990,1.7132272700000009,1.7132272700000009,7.5725996617914015,23.395753582,0.6132350918084849
MEX,Gross capital formation (% of GDP),1995,19.31154336,1990,-5.025714579999999,-5.025714579999999,-20.650290975220685,22.603941545999998,1.938717889096155
MEX,Gross capital formation (% of GDP),1996,19.73762696,1990,0.42608359999999834,0.42608359999999834,2.2063674148516954,21.866211592,2.227824327675638
MEX,Gross capital formation (% of GDP),1997,21.14601713,1990,1.4083901700000006,1.4083901700000006,7.1355597755202504,21.431295212000002,2.080293302352783
MEX,Gross capital formation (% of GDP),1998,22.80395162,1990,1.6579344899999988,1.6579344899999988,7.840410228590411,21.467279402000003,2.1074614069573494
MEX,Gross capital formation (% of GDP),1999,22.24343775,1990,-0.5605138700000012,-0.5605138700000012,-2.4579681598184355,21.048515364000004,1.5210524894162714
MEX,Gross capital formation (% of GDP),2000,22.26492461,2000,0.021486860000003105,0.021486860000003105,0.09659864739208768,21.639191614,1.2219339437692551
MEX,Gross capital formation (% of GDP),2001,20.27382156,2000,-1.991103050000003,-1.991103050000003,-8.942779213838993,21.746430534,1.0202054416814705
MEX,Gross capital formation (% of GDP),2002,20.40842563,2000,0.13460407000000174,0.13460407000000174,0.6639304267409329,21.598912234,1.1709215597336866
MEX,Gross capital formation (% of GDP),2003,20.88084586,2000,0.4724202300000009,0.4724202300000009,2.3148293678545873,21.214291082,0.9757127444880881
MEX,Gross capital formation (% of GDP),2004,22.04617823,2000,1.165332369999998,1.165332369999998,5.580867642111875,21.174839178000003,0.9264411122855916
MEX,Gross capital formation (% of GDP),2005,21.52214597,2000,-0.5240322599999985,-0.5240322599999985,-2.376975521711544,21.02628345,0.7508602192210131
MEX,Gross capital formation (% of GDP),2006,22.56410295,2000,1.0419569799999984,1.0419569799999984,4.841324751966636,21.484339728,0.866714547131334
MEX,Gross capital formation (% of GDP),2007,23.07191469,2000,0.5078117400000011,0.5078117400000011,2.250529263783574,22.01703754,0.8585954728483125
MEX,Gross capital formation (% of GDP),2008,24.12131588,2000,1.049401190000001,1.049401190000001,4.548392294701231,22.665131544,0.9982073121815171
MEX,Gross capital formation (% of GDP),2009,23.25925081,2000,-0.8620650699999999,-0.8620650699999999,-3.5738724797960697,22.90774606,0.9567179355512522
MEX,Gross capital formation (% of GDP),2010,23.33148941,2010,0.0722385999999986,0.0722385999999986,0.310580080975531,23.269614748000002,0.5626195235922714
MEX,Gross capital formation (% of GDP),2011,24.25175813,2010,0.9202687199999993,0.9202687199999993,3.9443205010545324,23.607145784000004,0.5393017795450394
MEX,Gross capital formation (% of GDP),2012,24.37773906,2010,0.12598093000000077,0.12598093000000077,0.5194713279123464,23.868310658,0.5314348157715487
MEX,Gross capital formation (% of GDP),2013,22.6807316,2010,-1.6970074599999982,-1.6970074599999982,-6.961299634158924,23.580193802,0.7178035275653173
MEX,Gross capital formation (% of GDP),2014,22.29327598,2010,-0.3874556200000008,-0.3874556200000008,-1.708303007298062,23.386998836,0.9256753235840136
MEX,Gross capital formation (% of GDP),2015,23.73612975,2010,1.4428537699999993,1.4428537699999993,6.47214779601899,23.467926904000002,0.9372251005700326
MEX,Gross capital formation (% of GDP),2016,24.34339234,2010,0.6072625900000013,0.6072625900000013,2.55838924203724,23.486253746,0.9570700770637925
MEX,Gross capital formation (% of GDP),2017,23.89235071,2010,-0.4510416300000024,-0.4510416300000024,-1.8528298098325013,23.389176076000002,0.8641442065235373
MEX,Gross capital formation (% of GDP),2018,23.47749306,2010,-0.4148576499999983,-0.4148576499999983,-1.736361796440411,23.548528368,0.7690775949038633
MEX,Gross capital formation (% of GDP),2019,22.14854264,2010,-1.3289504200000017,-1.3289504200000017,-5.660529497777656,23.519581699999996,0.8285579824331741
MEX,Gross capital formation (% of GDP),2020,20.23665935,2020,-1.9118832899999987,-1.9118832899999987,-8.63209521762015,22.81968762,1.6603810408374993
MEX,Gross capital formation (% of GDP),2021,21.70749393,2020,1.4708345799999982,1.4708345799999982,7.2681688936963695,22.292507938,1.4622899377216487
MEX,Gross capital formation (% of GDP),2022,22.77019489,2020,1.0627009600000008,1.0627009600000008,4.895548806448535,22.068076773999998,1.2216800563124521
MEX,Gross capital formation (% of GDP),2023,23.30500413,2020,0.5348092400000013,0.5348092400000013,2.348724912472644,22.033578988,1.173413095477355
MEX,Gross capital formation (% of GDP),2024,23.90340645,2020,0.5984023199999982,0.5984023199999982,2.5676988369621734,22.38455175,1.4469555857549319
MEX,Gross capital formation (% of GDP),2025,22.6109827,2020,-1.2924237499999975,-1.2924237499999975,-5.406860117211442,22.85941642,0.8193089782949168
MEX,"Inflation, GDP deflator (annual %)",1976,19.36354569,1970,,,,,
MEX,"Inflation, GDP deflator (annual %)",1977,30.44223576,1970,11.07869007,11.07869007,57.2141602956602,,
MEX,"Inflation, GDP deflator (annual %)",1978,16.00237853,1970,-14.439857229999998,-14.439857229999998,-47.433629198067806,21.936053326666666,7.555839851480909
MEX,"Inflation, GDP deflator (annual %)",1979,19.67329801,1970,3.6709194799999985,3.6709194799999985,22.939836556909633,21.3703644975,6.272199984582271
MEX,"Inflation, GDP deflator (annual %)",1980,41.40513716,1980,21.731839150000003,21.731839150000003,110.4636301394593,25.377319030000002,10.477776129148632
MEX,"Inflation, GDP deflator (annual %)",1981,25.07554762,1980,-16.329589540000004,-16.329589540000004,-39.438559222490454,26.519719416000004,9.956597981232864
MEX,"Inflation, GDP deflator (annual %)",1982,61.08111847,1980,36.00557085,36.00557085,143.58837300638783,32.647495958,18.627206693416348
MEX,"Inflation, GDP deflator (annual %)",1983,88.85988117,1980,27.778762699999994,27.778762699999994,45.47847746704825,47.218996486,28.324108528071385
MEX,"Inflation, GDP deflator (annual %)",1984,59.26463123,1980,-29.595249939999995,-29.595249939999995,-33.30552500220049,55.137263129999994,23.88439644552276
MEX,"Inflation, GDP deflator (annual %)",1985,59.14951623,1980,-0.11511499999999586,-0.11511499999999586,-0.19423895434909078,58.68613894400001,22.618642022865465
MEX,"Inflation, GDP deflator (annual %)",1986,70.85101727,1980,11.701501039999997,11.701501039999997,19.782919262601027,67.841232874,12.704778225494223
MEX,"Inflation, GDP deflator (annual %)",1987,142.0253387,1980,71.17432142999999,71.17432142999999,100.45631548064856,84.03007692000001,34.615150627129374
MEX,"Inflation, GDP deflator (annual %)",1988,100.5759863,1980,-41.449352399999995,-41.449352399999995,-29.184477065429448,86.37329794600001,35.4112316080288
MEX,"Inflation, GDP deflator (annual %)",1989,27.39440044,1980,-73.18158586,-73.18158586,-72.7624839210749,79.99925178800001,43.463517787255626
MEX,"Inflation, GDP deflator (annual %)",1990,28.10591239,1990,0.711511950000002,0.711511950000002,2.5972897328356392,73.79053102,49.045325075217065
MEX,"Inflation, GDP deflator (annual %)",1991,23.71325751,1990,-4.392654880000002,-4.392654880000002,-15.6289353608136,64.36297906799999,54.02886855424023
MEX,"Inflation, GDP deflator (annual %)",1992,14.81388558,1990,-8.899371929999997,-8.899371929999997,-37.52909918111035,38.920688444,34.869737416194944
MEX,"Inflation, GDP deflator (annual %)",1993,42.86762323,1990,28.05373765,28.05373765,189.37460734727773,27.379015830000004,10.145760897372526
MEX,"Inflation, GDP deflator (annual %)",1994,8.360627287,1990,-34.506995943,-34.506995943,-80.49663905520895,23.5722611994,13.238087274460474
MEX,"Inflation, GDP deflator (annual %)",1995,38.8092294,1990,30.448602113,30.448602113,364.190401841555,25.712924601399997,14.913809259958414
MEX,"Inflation, GDP deflator (annual %)",1996,26.696774,1990,-12.112455399999998,-12.112455399999998,-31.210244540439135,26.3096278994,14.873431376141506
MEX,"Inflation, GDP deflator (annual %)",1997,17.73369115,1990,-8.963082850000003,-8.963082850000003,-33.573655191447486,26.893589013400003,14.35762332652507
MEX,"Inflation, GDP deflator (annual %)",1998,15.71605544,1990,-2.0176357099999986,-2.0176357099999986,-11.3774154119065,21.4632754554,11.692854134960918
MEX,"Inflation, GDP deflator (annual %)",1999,15.31908134,1990,-0.39697409999999955,-0.39697409999999955,-2.525914352462988,22.854966265999998,10.0409046782049
MEX,"Inflation, GDP deflator (annual %)",2000,10.69796455,2000,-4.62111679,-4.62111679,-30.1657565975167,17.232713295999996,5.883974067493292
MEX,"Inflation, GDP deflator (annual %)",2001,6.473009149,2000,-4.224955401,-4.224955401,-39.49307722280684,13.1879603258,4.552121996387989
MEX,"Inflation, GDP deflator (annual %)",2002,5.502324114,2000,-0.9706850349999998,-0.9706850349999998,-14.99588541675333,10.741686918600001,4.779417485954155
MEX,"Inflation, GDP deflator (annual %)",2003,4.279667261,2000,-1.2226568530000002,-1.2226568530000002,-22.220734868909254,8.4544092828,4.53394108289181
MEX,"Inflation, GDP deflator (annual %)",2004,8.117443128,2000,3.8377758669999995,3.8377758669999995,89.67463199705045,7.014081640400001,2.4921673359651786
MEX,"Inflation, GDP deflator (annual %)",2005,5.884982746,2000,-2.2324603819999993,-2.2324603819999993,-27.502014449592327,6.0514852796,1.406636446845132
MEX,"Inflation, GDP deflator (annual %)",2006,6.107154369,2000,0.22217162299999949,0.22217162299999949,3.775229811013614,5.9783143236,1.3886280194317067
MEX,"Inflation, GDP deflator (annual %)",2007,6.127792141,2000,0.02063777199999972,0.02063777199999972,0.3379277934213887,6.103407929,1.3629642322070545
MEX,"Inflation, GDP deflator (annual %)",2008,6.310381643,2000,0.1825895020000008,0.1825895020000008,2.979694770948993,6.509550805400001,0.9114183873255756
MEX,"Inflation, GDP deflator (annual %)",2009,5.243482418,2000,-1.0668992250000002,-1.0668992250000002,-16.907047550499477,5.9347586634,0.41485398485294667
MEX,"Inflation, GDP deflator (annual %)",2010,4.372964401,2010,-0.8705180170000002,-0.8705180170000002,-16.601905901537062,5.632354994399999,0.8166852355685621
MEX,"Inflation, GDP deflator (annual %)",2011,5.669633686,2010,1.2966692850000001,1.2966692850000001,29.65195153894875,5.544850857799999,0.7754949195673382
MEX,"Inflation, GDP deflator (annual %)",2012,4.542214931,2010,-1.1274187549999999,-1.1274187549999999,-19.88521335662178,5.2277354158,0.8012828347992917
MEX,"Inflation, GDP deflator (annual %)",2013,1.703882814,2010,-2.838332117,-2.838332117,-62.487842607992164,4.306435649999999,1.5467437359661818
MEX,"Inflation, GDP deflator (annual %)",2014,4.368368902,2010,2.6644860880000003,2.6644860880000003,156.37730870381324,4.131412946799999,1.4613588785877816
MEX,"Inflation, GDP deflator (annual %)",2015,3.225428911,2010,-1.1429399910000004,-1.1429399910000004,-26.16399888930444,3.9019058488,1.5034436733750418
MEX,"Inflation, GDP deflator (annual %)",2016,6.077587842,2010,2.852158931,2.852158931,88.42727617629393,3.9834966800000005,1.6291728443054438
MEX,"Inflation, GDP deflator (annual %)",2017,6.567594911,2010,0.4900070689999998,0.4900070689999998,8.062525491013716,4.388572676,2.0100859059545844
MEX,"Inflation, GDP deflator (annual %)",2018,5.204499975,2010,-1.3630949359999995,-1.3630949359999995,-20.754857059118635,5.0886961082,1.3387582864187428
MEX,"Inflation, GDP deflator (annual %)",2019,4.319010236,2010,-0.8854897390000005,-0.8854897390000005,-17.013925319502,5.078824375,1.3455624103056232
MEX,"Inflation, GDP deflator (annual %)",2020,4.619790125,2020,0.3007798890000002,0.3007798890000002,6.964092988086179,5.357696617799999,0.9524890888857599
MEX,"Inflation, GDP deflator (annual %)",2021,4.487972743,2020,-0.13181738199999948,-0.13181738199999948,-2.8533197057301285,5.039773597999999,0.9167528114094987
MEX,"Inflation, GDP deflator (annual %)",2022,6.666649468,2020,2.178676725,2.178676725,48.544785134850365,5.0595845094,0.958158081919106
MEX,"Inflation, GDP deflator (annual %)",2023,4.676374048,2020,-1.9902754200000006,-1.9902754200000006,-29.85420831788662,4.953959324,0.9672556547250073
MEX,"Inflation, GDP deflator (annual %)",2024,3.746627359,2020,-0.9297466889999995,-0.9297466889999995,-19.881786175715245,4.8394827486,1.0875775494386795
MEX,"Inflation, GDP deflator (annual %)",2025,4.630958023,2020,0.8843306639999997,0.8843306639999997,23.603379233210788,4.8417163281999995,1.087024893011348
URY,Broad money (% of GDP),1976,26.91812267,1970,,,,,
URY,Broad money (% of GDP),1977,30.97361333,1970,4.05549066,4.05549066,15.066023398874728,,
URY,Broad money (% of GDP),1978,38.33838809,1970,7.364774760000003,7.364774760000003,23.777577002508554,32.07670803,5.7894929833007005
URY,Broad money (% of GDP),1979,37.37554753,1970,-0.9628405600000036,-0.9628405600000036,-2.511426817788265,33.401417905,5.418940026808634
URY,Broad money (% of GDP),1980,39.51424016,1980,2.1386926300000013,2.1386926300000013,5.722170700732487,34.623982356,5.431114291271748
URY,Broad money (% of GDP),1981,45.48544147,1980,5.971201309999998,5.971201309999998,15.111517482865855,38.337446116,5.18724312327926
URY,Broad money (% of GDP),1982,63.88495455,1980,18.399513080000006,18.399513080000006,40.45143343752184,44.91971436,11.061734070493998
URY,Broad money (% of GDP),1983,52.50320705,1980,-11.381747500000003,-11.381747500000003,-17.816006257141503,47.752678152,10.764698431197308
URY,Broad money (% of GDP),1984,58.41878892,1980,5.915581869999997,5.915581869999997,11.267086721705311,51.96132643,9.760025699096813
URY,Broad money (% of GDP),1985,52.25060166,1980,-6.168187259999996,-6.168187259999996,-10.558567498629333,54.50859873,6.9595824099268615
URY,Broad money (% of GDP),1986,54.35695924,1980,2.106357580000001,2.106357580000001,4.031259953150945,56.282902284,4.9144687243334095
URY,Broad money (% of GDP),1987,45.60122826,1980,-8.755730980000003,-8.755730980000003,-16.107838080752813,52.626157026,4.638319826733552
URY,Broad money (% of GDP),1988,46.83627141,1980,1.2350431500000028,1.2350431500000028,2.708355009558683,51.492769898000006,5.318384860567706
URY,Broad money (% of GDP),1989,53.54206938,1980,6.705797969999999,6.705797969999999,14.317531622656542,50.51742599000001,4.019150416441242
URY,Broad money (% of GDP),1990,55.84337267,1990,2.30130329,2.30130329,4.2981216763721575,51.235980192,4.6742510017376855
URY,Broad money (% of GDP),1991,48.84356626,1990,-6.999806409999998,-6.999806409999998,-12.534712850107654,50.133301596,4.395967569334794
URY,Broad money (% of GDP),1992,42.66986949,1990,-6.173696769999999,-6.173696769999999,-12.639733833391054,49.547029842,5.261717417176429
URY,Broad money (% of GDP),1993,38.37694036,1990,-4.2929291300000045,-4.2929291300000045,-10.060797422888967,47.85516363200001,7.31186214499084
URY,Broad money (% of GDP),1994,36.60305465,1990,-1.7738857100000018,-1.7738857100000018,-4.622269762414177,44.467360686,7.917327952992383
URY,Broad money (% of GDP),1995,36.04285582,1990,-0.5601988299999974,-0.5601988299999974,-1.5304701625496686,40.50725731600001,5.335795810670073
URY,Broad money (% of GDP),1996,36.21040017,1990,0.16754435,0.16754435,0.46484759930436326,37.980624098,2.780846326411652
URY,Broad money (% of GDP),1997,33.66339515,1990,-2.5470050200000003,-2.5470050200000003,-7.033904646295985,36.17932923,1.6851225919876593
URY,Broad money (% of GDP),1998,36.29611467,1990,2.632719520000002,2.632719520000002,7.82071893898082,35.763164092,1.1912944272903456
URY,Broad money (% of GDP),1999,40.08127742,1990,3.785162749999998,3.785162749999998,10.42856180176377,36.458808646,2.302053946286696
URY,Broad money (% of GDP),2000,43.24048613,2000,3.1592087100000015,3.1592087100000015,7.882006047101675,37.898334708,3.7634680088352632
URY,Broad money (% of GDP),2001,49.15120645,2000,5.910720319999996,5.910720319999996,13.669412277719918,40.486495964,6.060937877427419
URY,Broad money (% of GDP),2002,59.56629305,2000,10.415086600000002,10.415086600000002,21.18989003982017,45.667075544,9.08614054504854
URY,Broad money (% of GDP),2003,58.40820382,2000,-1.1580892300000016,-1.1580892300000016,-1.9442022840466144,50.08949337399999,8.760198980979812
URY,Broad money (% of GDP),2004,48.97946675,2000,-9.428737069999997,-9.428737069999997,-16.142830036439904,51.86913124,6.931748743986302
URY,Broad money (% of GDP),2005,45.28475535,2000,-3.6947114000000028,-3.6947114000000028,-7.543388373047167,52.277985084,6.329716516099699
URY,Broad money (% of GDP),2006,45.20977722,2000,-0.07497812999999809,-0.07497812999999809,-0.16557035457186453,51.489699238,7.023836017526214
URY,Broad money (% of GDP),2007,39.93378583,2000,-5.2759913900000015,-5.2759913900000015,-11.670022978272932,47.563197794,6.865817299216471
URY,Broad money (% of GDP),2008,43.98744959,2000,4.053663759999999,4.053663759999999,10.150962839477916,44.679046948,3.2456885920749046
URY,Broad money (% of GDP),2009,37.81978418,2000,-6.167665409999998,-6.167665409999998,-14.021420808634788,42.447110434,3.3832731925350523
URY,Broad money (% of GDP),2010,40.52392033,2010,2.7041361500000036,2.7041361500000036,7.150057063070214,41.49494343,3.0372467577806526
URY,Broad money (% of GDP),2011,41.38090999,2010,0.8569896599999964,0.8569896599999964,2.114774812064679,40.729169984,2.246132239857836
URY,Broad money (% of GDP),2012,40.16449946,2010,-1.2164105299999974,-1.2164105299999974,-2.9395451436277087,40.77531271,2.228004221727469
URY,Broad money (% of GDP),2013,41.97292944,2010,1.8084299799999997,1.8084299799999997,4.502558240022436,40.37240868,1.5938017016955248
URY,Broad money (% of GDP),2014,44.01859484,2010,2.045665399999997,2.045665399999997,4.873773232636203,41.612170812,1.5210642995103596
URY,Broad money (% of GDP),2015,49.42991068,2010,5.41131584,5.41131584,12.293249840593967,43.393368882,3.651163551604642
URY,Broad money (% of GDP),2016,46.71193183,2010,-2.7179788500000015,-2.7179788500000015,-5.498652157386418,44.45957325,3.6946884712517454
URY,Broad money (% of GDP),2017,44.27518777,2010,-2.436744059999995,-2.436744059999995,-5.216534543825125,45.281710912,2.8639866910348117
URY,Broad money (% of GDP),2018,45.97603886,2010,1.7008510900000005,1.7008510900000005,3.841544611477543,46.082332795999996,2.187393341966824
URY,Broad money (% of GDP),2019,48.78338585,2010,2.807346989999999,2.807346989999999,6.106108876731531,47.035290998,2.0996895666750177
URY,Broad money (% of GDP),2020,59.12690147,2020,10.343515619999998,10.343515619999998,21.202947355487822,48.974689156,5.901298573502814
URY,Broad money (% of GDP),2021,58.75064182,2020,-0.3762596500000015,-0.3762596500000015,-0.636359492287808,51.382431154,7.084567233470274
URY,Broad money (% of GDP),2022,52.08044503,2020,-6.6701967899999985,-6.6701967899999985,-11.353402419732062,52.943482605999996,5.885454065213727
URY,Broad money (% of GDP),2023,50.33792035,2020,-1.7425246800000025,-1.7425246800000025,-3.3458329301837786,53.815858904,4.821637649819295
URY,Broad money (% of GDP),2024,54.21914435,2020,3.881224000000003,3.881224000000003,7.710338395018734,54.903010603999995,3.934466880095538
URY,Broad money (% of GDP),2025,51.47128923,2020,-2.747855120000004,-2.747855120000004,-5.068053273326889,53.371888156,3.3216673640401315
URY,Domestic credit to private sector (% of GDP),1976,22.34369323,1970,,,,,
URY,Domestic credit to private sector (% of GDP),1977,25.7328905,1970,3.3891972700000004,3.3891972700000004,15.168473873645283,,
URY,Domestic credit to private sector (% of GDP),1978,29.34125865,1970,3.6083681500000004,3.6083681500000004,14.022397328430714,25.80594746,3.4993547178513196
URY,Domestic credit to private sector (% of GDP),1979,33.94831982,1970,4.6070611700000015,4.6070611700000015,15.701648061372442,27.84154055,4.973752360118921
URY,Domestic credit to private sector (% of GDP),1980,37.23591167,1980,3.2875918499999983,3.2875918499999983,9.68410768907384,29.720414773999998,6.017017629432328
URY,Domestic credit to private sector (% of GDP),1981,40.42415806,1980,3.1882463900000033,3.1882463900000033,8.5622890564774,33.33650774,5.9074415467421435
URY,Domestic credit to private sector (% of GDP),1982,72.38234399,1980,31.958185929999992,31.958185929999992,79.05714667592012,42.666398438,17.11081159427392
URY,Domestic credit to private sector (% of GDP),1983,57.96174349,1980,-14.420600499999992,-14.420600499999992,-19.922815019630026,48.390495406,16.307063600274738
URY,Domestic credit to private sector (% of GDP),1984,52.82851831,1980,-5.133225180000004,-5.133225180000004,-8.856229766251989,52.166535104000005,14.173112975708937
URY,Domestic credit to private sector (% of GDP),1985,55.28629207,1980,2.457773760000002,2.457773760000002,4.652361714136455,55.776611184000004,11.458126445572274
URY,Domestic credit to private sector (% of GDP),1986,46.77741229,1980,-8.508879780000001,-8.508879780000001,-15.39057777509585,57.04726203,9.518004550821589
URY,Domestic credit to private sector (% of GDP),1987,37.05291261,1980,-9.724499680000001,-9.724499680000001,-20.78887908487167,49.981375754000005,8.326841661160508
URY,Domestic credit to private sector (% of GDP),1988,38.31548547,1980,1.2625728599999988,1.2625728599999988,3.4074861355413377,46.05212415,8.254647240782097
URY,Domestic credit to private sector (% of GDP),1989,36.33086492,1980,-1.9846205499999954,-1.9846205499999954,-5.179682641771299,42.752593472,8.165562656805536
URY,Domestic credit to private sector (% of GDP),1990,32.43984008,1990,-3.89102484,-3.89102484,-10.709970292664316,38.183303074,5.281402803263863
URY,Domestic credit to private sector (% of GDP),1991,25.51205009,1990,-6.927789990000004,-6.927789990000004,-21.355808083256132,33.930230634,5.192101581966803
URY,Domestic credit to private sector (% of GDP),1992,25.31990378,1990,-0.19214630999999827,-0.19214630999999827,-0.753159033955153,31.583628867999998,6.014265581065478
URY,Domestic credit to private sector (% of GDP),1993,24.86348115,1990,-0.45642263000000227,-0.45642263000000227,-1.8026238723723997,28.893228004,5.204247542035869
URY,Domestic credit to private sector (% of GDP),1994,23.85579907,1990,-1.0076820799999986,-1.0076820799999986,-4.052859991409519,26.398214833999997,3.437606859925692
URY,Domestic credit to private sector (% of GDP),1995,26.43822057,1990,2.582421499999999,2.582421499999999,10.825130998221466,25.197890932,0.9440658333610183
URY,Domestic credit to private sector (% of GDP),1996,26.80770338,1990,0.36948281000000094,0.36948281000000094,1.3975328219300032,25.45702159,1.196045342209216
URY,Domestic credit to private sector (% of GDP),1997,25.90578431,1990,-0.9019190699999982,-0.9019190699999982,-3.364402601801686,25.574197696,1.207894172562049
URY,Domestic credit to private sector (% of GDP),1998,40.521269,1990,14.615484689999995,14.615484689999995,56.417842884448824,28.705755266,6.7028462576620695
URY,Domestic credit to private sector (% of GDP),1999,43.5957665,1990,3.0744975000000068,3.0744975000000068,7.58736726631144,32.653748752,8.659816517014848
URY,Domestic credit to private sector (% of GDP),2000,45.09422693,2000,1.4984604299999944,1.4984604299999944,3.4371695930612844,36.384950024,9.307162302343263
URY,Domestic credit to private sector (% of GDP),2001,53.85388568,2000,8.75965875,8.75965875,19.4252332202028,41.794186484,10.168996321677106
URY,Domestic credit to private sector (% of GDP),2002,70.51173827,2000,16.657852589999997,16.657852589999997,30.931570451538114,50.715377276,12.123862585451315
URY,Domestic credit to private sector (% of GDP),2003,43.18654311,2000,-27.325195159999993,-27.325195159999993,-38.75268973708709,51.248432098,11.611362313523495
URY,Domestic credit to private sector (% of GDP),2004,24.1933896,2000,-18.993153510000003,-18.993153510000003,-43.97933277878421,47.367956717999995,16.862803199968695
URY,Domestic credit to private sector (% of GDP),2005,22.47494307,2000,-1.7184465300000014,-1.7184465300000014,-7.102958942140136,42.84409994599999,20.30752574728346
URY,Domestic credit to private sector (% of GDP),2006,23.75193528,2000,1.276992210000003,1.276992210000003,5.6818484746444575,36.823709866,20.68605988373922
URY,Domestic credit to private sector (% of GDP),2007,23.02997259,2000,-0.7219626900000016,-0.7219626900000016,-3.0395952224066547,27.32735673,8.890059194503392
URY,Domestic credit to private sector (% of GDP),2008,27.16853395,2000,4.138561360000001,4.138561360000001,17.97032690259055,24.123754897999998,1.8254258733921545
URY,Domestic credit to private sector (% of GDP),2009,19.8647261,2000,-7.303807850000002,-7.303807850000002,-26.883334461261942,23.258022198,2.6322865653373673
URY,Domestic credit to private sector (% of GDP),2010,21.40403612,2010,1.539310020000002,1.539310020000002,7.748961713597469,23.043840808,2.752744692385189
URY,Domestic credit to private sector (% of GDP),2011,21.97399051,2010,0.5699543899999995,0.5699543899999995,2.6628360501944393,22.688251854,2.7532425303466734
URY,Domestic credit to private sector (% of GDP),2012,22.17052919,2010,0.19653867999999974,0.19653867999999974,0.8944150581595922,22.516363174,2.753403022964727
URY,Domestic credit to private sector (% of GDP),2013,24.37688152,2010,2.2063523300000014,2.2063523300000014,9.95173507628846,21.958032688000003,1.6267362844230786
URY,Domestic credit to private sector (% of GDP),2014,25.16679317,2010,0.789911649999997,0.789911649999997,3.2404130501759054,23.018446102,1.6490081922749236
URY,Domestic credit to private sector (% of GDP),2015,27.81400853,2010,2.6472153600000006,2.6472153600000006,10.518683656349225,24.300440584,2.400544845666857
URY,Domestic credit to private sector (% of GDP),2016,25.6815823,2010,-2.13242623,-2.13242623,-7.666734651713291,25.041958942,2.0491704017014127
URY,Domestic credit to private sector (% of GDP),2017,23.92630027,2010,-1.75528203,-1.75528203,-6.834789264522845,25.393113158,1.5148792340894397
URY,Domestic credit to private sector (% of GDP),2018,24.94485122,2010,1.0185509500000016,1.0185509500000016,4.257034888411537,25.506707098,1.4390214107567467
URY,Domestic credit to private sector (% of GDP),2019,25.3082497,2010,0.36339848000000075,0.36339848000000075,1.4568075663992763,25.534998404,1.4320415804771487
URY,Domestic credit to private sector (% of GDP),2020,27.88463978,2020,2.5763900799999995,2.5763900799999995,10.180040542274238,25.549124654000003,1.4602142000034866
URY,Domestic credit to private sector (% of GDP),2021,26.7129872,2020,-1.17165258,-1.17165258,-4.201784886747428,25.755405634,1.5534778582278064
URY,Domestic credit to private sector (% of GDP),2022,26.38220447,2020,-0.33078272999999925,-0.33078272999999925,-1.2382843128828314,26.246586474000004,1.1719781444525759
URY,Domestic credit to private sector (% of GDP),2023,28.13801091,2020,1.755806439999997,1.755806439999997,6.655268106941481,26.885218412,1.1551892754783988
URY,Domestic credit to private sector (% of GDP),2024,30.56525671,2020,2.4272458000000015,2.4272458000000015,8.626216713624846,27.936619814,1.6482169202052177
URY,Domestic credit to private sector (% of GDP),2025,30.75760626,2020,0.19234954999999943,0.19234954999999943,0.6293078177781686,28.51121311,2.0718923349044576
URY,"GDP per capita, PPP (constant 2021 international $)",1976,30.75760626,1970,,,,,
URY,"GDP per capita, PPP (constant 2021 international $)",1977,30.75760626,1970,0.0,0.0,0.0,,
URY,"GDP per capita, PPP (constant 2021 international $)",1978,30.75760626,1970,0.0,0.0,0.0,30.75760626,0.0
URY,"GDP per capita, PPP (constant 2021 international $)",1979,30.75760626,1970,0.0,0.0,0.0,30.75760626,0.0
URY,"GDP per capita, PPP (constant 2021 international $)",1980,30.75760626,1980,0.0,0.0,0.0,30.75760626,0.0
URY,"GDP per capita, PPP (constant 2021 international $)",1981,30.75760626,1980,0.0,0.0,0.0,30.75760626,0.0
URY,"GDP per capita, PPP (constant 2021 international $)",1982,30.75760626,1980,0.0,0.0,0.0,30.75760626,0.0
URY,"GDP per capita, PPP (constant 2021 international $)",1983,30.75760626,1980,0.0,0.0,0.0,30.75760626,0.0
URY,"GDP per capita, PPP (constant 2021 international $)",1984,30.75760626,1980,0.0,0.0,0.0,30.75760626,0.0
URY,"GDP per capita, PPP (constant 2021 international $)",1985,30.75760626,1980,0.0,0.0,0.0,30.75760626,0.0
URY,"GDP per capita, PPP (constant 2021 international $)",1986,30.75760626,1980,0.0,0.0,0.0,30.75760626,0.0
URY,"GDP per capita, PPP (constant 2021 international $)",1987,30.75760626,1980,0.0,0.0,0.0,30.75760626,0.0
URY,"GDP per capita, PPP (constant 2021 international $)",1988,30.75760626,1980,0.0,0.0,0.0,30.75760626,0.0
URY,"GDP per capita, PPP (constant 2021 international $)",1989,30.75760626,1980,0.0,0.0,0.0,30.75760626,0.0
URY,"GDP per capita, PPP (constant 2021 international $)",1990,14060.84015,1990,14030.08254374,14030.08254374,45615.00145733383,2836.774115008,6274.443659547162
URY,"GDP per capita, PPP (constant 2021 international $)",1991,14474.72723,1990,413.8870800000004,413.8870800000004,2.9435444510049535,5725.568039756001,7799.313195859095
URY,"GDP per capita, PPP (constant 2021 international $)",1992,15536.48133,1990,1061.7541,1061.7541,7.335227000336375,8826.712784504,8047.589784902185
URY,"GDP per capita, PPP (constant 2021 international $)",1993,15865.27151,1990,328.79017999999996,328.79017999999996,2.116246098562402,11993.615565252001,6728.315552671399
URY,"GDP per capita, PPP (constant 2021 international $)",1994,16932.02204,1990,1066.7505299999993,1066.7505299999993,6.723808850845181,15373.868452,1143.2695194324338
URY,"GDP per capita, PPP (constant 2021 international $)",1995,16600.0329,1990,-331.9891400000015,-331.9891400000015,-1.9607176225953094,15881.707002,964.1313115453573
URY,"GDP per capita, PPP (constant 2021 international $)",1996,17433.68669,1990,833.6537900000003,833.6537900000003,5.022000829889928,16473.498893999997,773.9763238580636
URY,"GDP per capita, PPP (constant 2021 international $)",1997,18823.93479,1990,1390.2481000000007,1390.2481000000007,7.974492858113891,17130.989586,1104.6757822093066
URY,"GDP per capita, PPP (constant 2021 international $)",1998,19577.78255,1990,753.8477600000006,753.8477600000006,4.004729980261468,17873.491793999998,1275.680235358898
URY,"GDP per capita, PPP (constant 2021 international $)",1999,19192.7103,1990,-385.0722500000011,-385.0722500000011,-1.9668838849167924,18325.629446,1259.0939340093923
URY,"GDP per capita, PPP (constant 2021 international $)",2000,18752.05071,2000,-440.6595899999993,-440.6595899999993,-2.29597374790782,18756.033008000002,809.1949181979801
URY,"GDP per capita, PPP (constant 2021 international $)",2001,17986.89395,2000,-765.156759999998,-765.156759999998,-4.080389776207028,18866.674460000002,591.8093261049867
URY,"GDP per capita, PPP (constant 2021 international $)",2002,16572.7819,2000,-1414.1120499999997,-1414.1120499999997,-7.861902415897659,18416.443882,1188.2267927946211
URY,"GDP per capita, PPP (constant 2021 international $)",2003,16694.4326,2000,121.65069999999832,121.65069999999832,0.7340391054081241,17839.773892,1183.3644420856037
URY,"GDP per capita, PPP (constant 2021 international $)",2004,17519.37299,2000,824.9403899999998,824.9403899999998,4.941410168082028,17505.106430000003,910.1667257257297
URY,"GDP per capita, PPP (constant 2021 international $)",2005,18811.31248,2000,1291.9394900000007,1291.9394900000007,7.3743477619743425,17516.958784,930.620181737475
URY,"GDP per capita, PPP (constant 2021 international $)",2006,19560.07435,2000,748.7618699999985,748.7618699999985,3.98038079903289,17831.594864000002,1315.5529761499117
URY,"GDP per capita, PPP (constant 2021 international $)",2007,20803.88531,2000,1243.8109600000025,1243.8109600000025,6.358927567164407,18677.815546,1627.2808405475987
URY,"GDP per capita, PPP (constant 2021 international $)",2008,22249.37509,2000,1445.4897799999999,1445.4897799999999,6.94817222100903,19788.804044,1819.5414386917287
URY,"GDP per capita, PPP (constant 2021 international $)",2009,23138.07331,2000,888.6982199999984,888.6982199999984,3.9942614855705605,20912.544108,1802.5158001099694
URY,"GDP per capita, PPP (constant 2021 international $)",2010,24879.8256,2010,1741.7522900000004,1741.7522900000004,7.527646172886993,22126.246732,2058.824338264437
URY,"GDP per capita, PPP (constant 2021 international $)",2011,26099.31165,2010,1219.4860499999995,1219.4860499999995,4.90150561987861,23434.094191999997,2097.7791756212328
URY,"GDP per capita, PPP (constant 2021 international $)",2012,26953.2709,2010,853.9592499999999,853.9592499999999,3.2719608143381818,24663.97131,1968.9037045370198
URY,"GDP per capita, PPP (constant 2021 international $)",2013,28119.47269,2010,1166.2017899999992,1166.2017899999992,4.326754234492558,25837.99083,1918.6540142634356
URY,"GDP per capita, PPP (constant 2021 international $)",2014,28935.08649,2010,815.6138000000028,815.6138000000028,2.90053020905352,26997.393466,1605.1719110710435
URY,"GDP per capita, PPP (constant 2021 international $)",2015,28941.61845,2010,6.531960000000254,6.531960000000254,0.022574530759600364,27809.752035999998,1255.2482171265574
URY,"GDP per capita, PPP (constant 2021 international $)",2016,29332.55616,2010,390.93770999999833,390.93770999999833,1.350780401847218,28456.400938,949.3608929327299
URY,"GDP per capita, PPP (constant 2021 international $)",2017,29762.42207,2010,429.86591000000044,429.86591000000044,1.465490793421531,29018.231172,606.8710009199428
URY,"GDP per capita, PPP (constant 2021 international $)",2018,29757.92761,2010,-4.494460000001709,-4.494460000001709,-0.015101123119054538,29345.922156000004,410.9886718264777
URY,"GDP per capita, PPP (constant 2021 international $)",2019,30010.56288,2010,252.6352700000025,252.6352700000025,0.8489679567440955,29561.017434,423.4613937334939
URY,"GDP per capita, PPP (constant 2021 international $)",2020,27788.17496,2020,-2222.387920000001,-2222.387920000001,-7.405352338396398,29330.328736000003,895.8944088513435
URY,"GDP per capita, PPP (constant 2021 international $)",2021,29431.87388,2020,1643.698919999999,1643.698919999999,5.915102097802527,29350.19228,897.0564112969007
URY,"GDP per capita, PPP (constant 2021 international $)",2022,30840.07098,2020,1408.1971000000012,1408.1971000000012,4.784598852731969,29565.722062000004,1122.0940832324286
URY,"GDP per capita, PPP (constant 2021 international $)",2023,31100.96969,2020,260.8987100000013,260.8987100000013,0.845973117795995,29834.330478,1322.4664860941084
URY,"GDP per capita, PPP (constant 2021 international $)",2024,32149.48007,2020,1048.5103799999997,1048.5103799999997,3.3713108962551974,30262.113916000002,1688.9002969429512
URY,"GDP per capita, PPP (constant 2021 international $)",2025,32741.62469,2020,592.1446199999991,592.1446199999991,1.8418482000663872,31252.803862,1277.674031873563
URY,Gross capital formation (% of GDP),1976,20.95897876,1970,,,,,
URY,Gross capital formation (% of GDP),1977,21.48539449,1970,0.5264157300000001,0.5264157300000001,2.511647805114725,,
URY,Gross capital formation (% of GDP),1978,22.71022887,1970,1.2248343800000008,1.2248343800000008,5.70077677917471,21.718200706666668,0.8985367481815868
URY,Gross capital formation (% of GDP),1979,24.04150048,1970,1.3312716099999982,1.3312716099999982,5.861991165393299,22.29902565,1.3739272121966668
URY,Gross capital formation (% of GDP),1980,17.34631903,1980,-6.69518145,-6.69518145,-27.848434233835306,21.308484326000002,2.5142827130355183
URY,Gross capital formation (% of GDP),1981,21.39046357,1980,4.044144540000001,4.044144540000001,23.31413675146734,21.394781287999997,2.506681116127791
URY,Gross capital formation (% of GDP),1982,19.79651878,1980,-1.5939447900000019,-1.5939447900000019,-7.451660805684924,21.057006146,2.6033427036765078
URY,Gross capital formation (% of GDP),1983,14.25354201,1980,-5.542976769999999,-5.542976769999999,-27.99975506602681,19.365668774,3.753679570641712
URY,Gross capital formation (% of GDP),1984,12.1267005,1980,-2.12684151,-2.12684151,-14.9214946608208,16.982708778,3.8245002645010344
URY,Gross capital formation (% of GDP),1985,11.37877294,1980,-0.7479275600000008,-0.7479275600000008,-6.167609730280721,15.78919956,4.545788498337784
URY,Gross capital formation (% of GDP),1986,11.18166228,1980,-0.19711065999999988,-0.19711065999999988,-1.73226639673153,13.747439302,3.594025904456163
URY,Gross capital formation (% of GDP),1987,14.29512041,1980,3.1134581300000015,3.1134581300000015,27.844322713706582,12.647159628,1.5267288616040686
URY,Gross capital formation (% of GDP),1988,14.66974755,1980,0.3746271399999994,0.3746271399999994,2.6206644593069095,12.730400736,1.6431186964226265
URY,Gross capital formation (% of GDP),1989,12.06646355,1980,-2.6032840000000004,-2.6032840000000004,-17.7459359210309,12.718353346,1.6488624196785227
URY,Gross capital formation (% of GDP),1990,12.20085101,1990,0.13438745999999924,0.13438745999999924,1.113726979268903,12.882768959999998,1.5176593531738103
URY,Gross capital formation (% of GDP),1991,15.12534471,1990,2.924493700000001,2.924493700000001,23.969587839430574,13.671505446000001,1.435097164403257
URY,Gross capital formation (% of GDP),1992,15.3848956,1990,0.25955088999999987,0.25955088999999987,1.7159998332362036,13.889460484,1.6238306322292813
URY,Gross capital formation (% of GDP),1993,15.64129551,1990,0.25639991000000073,0.25639991000000073,1.6665690601111338,14.083770075999999,1.7901536703522194
URY,Gross capital formation (% of GDP),1994,15.87163413,1990,0.2303386199999995,0.2303386199999995,1.472631342159203,14.844804192000002,1.5041333286203145
URY,Gross capital formation (% of GDP),1995,15.40771142,1990,-0.4639227100000003,-0.4639227100000003,-2.922967516766972,15.486176274000002,0.282512681992929
URY,Gross capital formation (% of GDP),1996,15.24021227,1990,-0.16749914999999937,-0.16749914999999937,-1.0871124557965017,15.509149786,0.24845201969611072
URY,Gross capital formation (% of GDP),1997,16.84529339,1990,1.6050811199999977,1.6050811199999977,10.53188165337804,15.801229344000001,0.6305160408602846
URY,Gross capital formation (% of GDP),1998,17.33757808,1990,0.49228469000000175,0.49228469000000175,2.9223871535074553,16.140485857999998,0.9150840954554688
URY,Gross capital formation (% of GDP),1999,15.07533096,1990,-2.2622471199999996,-2.2622471199999996,-13.048230321221421,15.981225224,1.0350084014630758
URY,Gross capital formation (% of GDP),2000,14.4570209,2000,-0.6183100600000007,-0.6183100600000007,-4.1014692257210665,15.79108712,1.234755827011436
URY,Gross capital formation (% of GDP),2001,14.32793979,2000,-0.12908110999999955,-0.12908110999999955,-0.8928610596391939,15.608632624,1.3936800747235103
URY,Gross capital formation (% of GDP),2002,13.07290595,2000,-1.2550338399999994,-1.2550338399999994,-8.759346133461099,14.854155136,1.5671451048245952
URY,Gross capital formation (% of GDP),2003,15.20630885,2000,2.1334028999999983,2.1334028999999983,16.319270620928773,14.42790129,0.8473393847290731
URY,Gross capital formation (% of GDP),2004,17.4684628,2000,2.262153950000002,2.262153950000002,14.87641723125992,14.906527657999998,1.6242205245459274
URY,Gross capital formation (% of GDP),2005,17.69885816,2000,0.23039535999999927,0.23039535999999927,1.3189217771354178,15.55489511,2.0028430288137926
URY,Gross capital formation (% of GDP),2006,19.46057343,2000,1.7617152699999998,1.7617152699999998,9.953835745073846,16.581421838,2.476168358463425
URY,Gross capital formation (% of GDP),2007,19.52605528,2000,0.06548185000000117,0.06548185000000117,0.33648468908451523,17.872051704,1.7718771172235859
URY,Gross capital formation (% of GDP),2008,23.20809459,2000,3.6820393100000004,3.6820393100000004,18.857056672227145,19.472408852,2.2978058983499854
URY,Gross capital formation (% of GDP),2009,19.62477452,2000,-3.5833200700000027,-3.5833200700000027,-15.439958054738357,19.903671195999998,2.0122827371336736
URY,Gross capital formation (% of GDP),2010,19.40760548,2010,-0.21716903999999815,-0.21716903999999815,-1.1066065486697751,20.24542066,1.658164983258479
URY,Gross capital formation (% of GDP),2011,20.88231101,2010,1.4747055299999978,1.4747055299999978,7.598595980940126,20.529768176,1.6111658078101372
URY,Gross capital formation (% of GDP),2012,22.91537973,2010,2.033068720000003,2.033068720000003,9.735841588732285,21.207633066,1.7867302471647757
URY,Gross capital formation (% of GDP),2013,22.48441201,2010,-0.4309677200000017,-0.4309677200000017,-1.8806920290122653,21.062896549999998,1.6041504583464308
URY,Gross capital formation (% of GDP),2014,21.20281224,2010,-1.2815997699999997,-1.2815997699999997,-5.699947899148993,21.378504094,1.3916299427326715
URY,Gross capital formation (% of GDP),2015,19.7053904,2010,-1.4974218400000012,-1.4974218400000012,-7.062373722175641,21.438061077999997,1.288765737508943
URY,Gross capital formation (% of GDP),2016,17.38918657,2010,-2.316203829999999,-2.316203829999999,-11.754163622152847,20.73943619,2.252099657957715
URY,Gross capital formation (% of GDP),2017,15.92400932,2010,-1.46517725,-1.46517725,-8.425795215330767,19.341162108,2.690983328013131
URY,Gross capital formation (% of GDP),2018,14.85341398,2010,-1.0705953400000006,-1.0705953400000006,-6.723151930433568,17.814962502,2.6257857021161377
URY,Gross capital formation (% of GDP),2019,14.12081135,2010,-0.7326026299999988,-0.7326026299999988,-4.932217138675609,16.398562324,2.2202072977040994
URY,Gross capital formation (% of GDP),2020,16.23365571,2020,2.1128443600000004,2.1128443600000004,14.96262720059638,15.704215385999998,1.2647900709883961
URY,Gross capital formation (% of GDP),2021,18.19670198,2020,1.9630462699999995,1.9630462699999995,12.092447351773972,15.865718468,1.55255603743997
URY,Gross capital formation (% of GDP),2022,18.61484039,2020,0.41813841000000096,0.41813841000000096,2.2978801898254853,16.403884682,1.9841799405991296
URY,Gross capital formation (% of GDP),2023,17.65662838,2020,-0.9582120100000004,-0.9582120100000004,-5.147570378926036,16.964527562,1.8263135907716372
URY,Gross capital formation (% of GDP),2024,15.92301137,2020,-1.7336170100000015,-1.7336170100000015,-9.818505394629607,17.324967566,1.1927001329690692
URY,Gross capital formation (% of GDP),2025,16.17835396,2020,0.2553425899999997,0.2553425899999997,1.6036074085903351,17.313907216,1.205537635916574
URY,"Inflation, GDP deflator (annual %)",1976,47.29149242,1970,,,,,
URY,"Inflation, GDP deflator (annual %)",1977,55.60669162,1970,8.315199200000002,8.315199200000002,17.582864854743786,,
URY,"Inflation, GDP deflator (annual %)",1978,46.80166099,1970,-8.805030629999997,-8.805030629999997,-15.834480299908904,49.899948343333335,4.948249470953249
URY,"Inflation, GDP deflator (annual %)",1979,79.20819471,1970,32.40653372,32.40653372,69.2422726768698,57.227009935,15.200880725257345
URY,"Inflation, GDP deflator (annual %)",1980,54.76270098,1980,-24.445493730000003,-24.445493730000003,-30.86232910559413,56.734148143999995,13.210399117466658
URY,"Inflation, GDP deflator (annual %)",1981,27.34459951,1980,-27.41810147,-27.41810147,-50.067109509469645,52.744769562,18.661890939872055
URY,"Inflation, GDP deflator (annual %)",1982,18.16226689,1980,-9.182332619999997,-9.182332619999997,-33.580058894781004,45.255884616,23.981277063197695
URY,"Inflation, GDP deflator (annual %)",1983,53.73104707,1980,35.568780180000005,35.568780180000005,195.83888066078296,46.641761832,24.29116235414406
URY,"Inflation, GDP deflator (annual %)",1984,56.34960683,1980,2.6185597599999966,2.6185597599999966,4.87345753115247,42.070044256,17.954170617129044
URY,"Inflation, GDP deflator (annual %)",1985,74.01716145,1980,17.667554620000004,17.667554620000004,31.353465647596956,45.92093635,22.774859400727536
URY,"Inflation, GDP deflator (annual %)",1986,70.96333508,1980,-3.05382637000001,-3.05382637000001,-4.125835563233437,54.644683464,22.227795145412404
URY,"Inflation, GDP deflator (annual %)",1987,72.78399122,1980,1.8206561400000112,1.8206561400000112,2.5656293323129686,65.56902833,9.71674741280726
URY,"Inflation, GDP deflator (annual %)",1988,74.63639178,1980,1.8524005599999924,1.8524005599999924,2.545065925830925,69.75009727199999,7.621241914391091
URY,"Inflation, GDP deflator (annual %)",1989,76.07946615,1980,1.443074370000005,1.443074370000005,1.9334728482770736,73.696069136,1.9343997661387227
URY,"Inflation, GDP deflator (annual %)",1990,106.8366765,1990,30.757210349999994,30.757210349999994,40.42774207873434,80.25997214600001,14.98115693444782
URY,"Inflation, GDP deflator (annual %)",1991,100.8081676,1990,-6.028508899999991,-6.028508899999991,-5.642733467097316,86.22893865,16.243447312899033
URY,"Inflation, GDP deflator (annual %)",1992,59.6236227,1990,-41.184544900000006,-41.184544900000006,-40.85437309347542,83.596864946,19.671270217725695
URY,"Inflation, GDP deflator (annual %)",1993,47.85192889,1990,-11.771693809999995,-11.771693809999995,-19.743338758917773,78.239972368,25.503746645066162
URY,"Inflation, GDP deflator (annual %)",1994,38.95718236,1990,-8.894746530000006,-8.894746530000006,-18.588062668167204,70.81551561,31.083039525923315
URY,"Inflation, GDP deflator (annual %)",1995,41.04832687,1990,2.0911445099999995,2.0911445099999995,5.3678022467742,57.657845683999994,25.434039636342376
URY,"Inflation, GDP deflator (annual %)",1996,26.43173778,1990,-14.616589089999998,-14.616589089999998,-35.608245705825524,42.78255972,12.189240744567387
URY,"Inflation, GDP deflator (annual %)",1997,27.4851661,1990,1.0534283200000019,1.0534283200000019,3.985467504134732,36.3548684,9.194062356474442
URY,"Inflation, GDP deflator (annual %)",1998,12.38390546,1990,-15.101260640000001,-15.101260640000001,-54.943312276362775,29.261263713999995,11.499474527265267
URY,"Inflation, GDP deflator (annual %)",1999,3.882996065,1990,-8.500909394999999,-8.500909394999999,-68.64481824782922,22.246426454999998,14.430502236894323
URY,"Inflation, GDP deflator (annual %)",2000,3.539308493,2000,-0.3436875719999999,-0.3436875719999999,-8.85109246176895,14.744622779599998,11.704882427254775
URY,"Inflation, GDP deflator (annual %)",2001,4.826618333,2000,1.2873098399999998,1.2873098399999998,36.37178964608554,10.423598890200001,10.203418648298793
URY,"Inflation, GDP deflator (annual %)",2002,12.61627664,2000,7.789658307000001,7.789658307000001,161.3895644853757,7.449820998199999,4.63500252845164
URY,"Inflation, GDP deflator (annual %)",2003,16.54163515,2000,3.9253585100000006,3.9253585100000006,31.113446716558357,8.2813669362,5.93278066370832
URY,"Inflation, GDP deflator (annual %)",2004,10.105056,2000,-6.436579150000002,-6.436579150000002,-38.911383860379736,9.525778923199999,5.408995173055292
URY,"Inflation, GDP deflator (annual %)",2005,0.677868374,2000,-9.427187625999998,-9.427187625999998,-93.29179003065397,8.953490899399998,6.28170040857973
URY,"Inflation, GDP deflator (annual %)",2006,7.41439913,2000,6.736530756,6.736530756,993.7815384790321,9.4710470588,5.954776328655603
URY,"Inflation, GDP deflator (annual %)",2007,10.31496818,2000,2.9005690499999996,2.9005690499999996,39.12075677533697,9.0107853668,5.735808010036749
URY,"Inflation, GDP deflator (annual %)",2008,8.902388578,2000,-1.4125796019999992,-1.4125796019999992,-13.694463980401729,7.4829360523999995,3.9756888673896196
URY,"Inflation, GDP deflator (annual %)",2009,8.617074545,2000,-0.2853140330000006,-0.2853140330000006,-3.2049155178991207,7.1853397614,3.7812811063134895
URY,"Inflation, GDP deflator (annual %)",2010,5.746856984,2010,-2.8702175609999996,-2.8702175609999996,-33.308491716198795,8.1991374834,1.7157700135244027
URY,"Inflation, GDP deflator (annual %)",2011,9.875420246,2010,4.128563261999999,4.128563261999999,71.84036897898206,8.6913417066,1.7859347403706696
URY,"Inflation, GDP deflator (annual %)",2012,9.412912474,2010,-0.4625077719999986,-0.4625077719999986,-4.683423697207578,8.510930565399999,1.618642342778888
URY,"Inflation, GDP deflator (annual %)",2013,8.999246669,2010,-0.41366580500000083,-0.41366580500000083,-4.394663247348928,8.5303021836,1.6250653124409198
URY,"Inflation, GDP deflator (annual %)",2014,10.2206566,2010,1.2214099310000002,1.2214099310000002,13.572357508628263,8.8510185946,1.7957465444565957
URY,"Inflation, GDP deflator (annual %)",2015,9.855420322,2010,-0.36523627799999936,-0.36523627799999936,-3.5735109033992907,9.6727312622,0.473224997364062
URY,"Inflation, GDP deflator (annual %)",2016,8.165456543,2010,-1.689963779000001,-1.689963779000001,-17.147556611335368,9.3307385216,0.7971459518794207
URY,"Inflation, GDP deflator (annual %)",2017,5.680172805,2010,-2.4852837379999997,-2.4852837379999997,-30.43655581181873,8.5841905878,1.8079667502368582
URY,"Inflation, GDP deflator (annual %)",2018,7.525562174,2010,1.8453893690000003,1.8453893690000003,32.48826105036078,8.2894536888,1.8431663279294055
URY,"Inflation, GDP deflator (annual %)",2019,8.256330832,2010,0.7307686579999997,0.7307686579999997,9.710485955783167,7.8965885352,1.5073889465314365
URY,"Inflation, GDP deflator (annual %)",2020,10.72339579,2020,2.467064958,2.467064958,29.880887868956464,8.070183628799999,1.8091452918921722
URY,"Inflation, GDP deflator (annual %)",2021,11.07400816,2020,0.35061237000000034,0.35061237000000034,3.269602063247179,8.651893952200002,2.2590914729715146
URY,"Inflation, GDP deflator (annual %)",2022,5.989019483,2020,-5.084988677,-5.084988677,-45.91823126306961,8.7136632878,2.1595528322380533
URY,"Inflation, GDP deflator (annual %)",2023,4.053429381,2020,-1.935590102,-1.935590102,-32.318981554396785,8.0192367292,3.0228185656742665
URY,"Inflation, GDP deflator (annual %)",2024,4.184626016,2020,0.13119663500000023,0.13119663500000023,3.2366823908409392,7.204895766,3.4598409649295454
URY,"Inflation, GDP deflator (annual %)",2025,4.333084541,2020,0.14845852499999967,0.14845852499999967,3.547713091501259,5.9268335162,2.9825425282696094
WLD,Broad money (% of GDP),1976,61.83287432,1970,,,,,
WLD,Broad money (% of GDP),1977,62.12656097,1970,0.29368664999999794,0.29368664999999794,0.4749684584936187,,
WLD,Broad money (% of GDP),1978,65.39267936,1970,3.2661183900000026,3.2661183900000026,5.25720133064691,63.11737155,1.9759383049028394
WLD,Broad money (% of GDP),1979,64.11446166,1970,-1.278217699999999,-1.278217699999999,-1.9546801148231707,63.3666440775,1.6886193458127736
WLD,Broad money (% of GDP),1980,62.94883596,1980,-1.1656257000000068,-1.1656257000000068,-1.8180386605776033,63.283082453999995,1.474275820835317
WLD,Broad money (% of GDP),1981,64.65567791,1980,1.7068419499999976,1.7068419499999976,2.711475000243979,63.84764317199999,1.311604686630783
WLD,Broad money (% of GDP),1982,67.39981766,1980,2.744139750000002,2.744139750000002,4.244236297111925,64.90229451,1.6564721427931075
WLD,Broad money (% of GDP),1983,70.78738012,1980,3.387562459999998,3.387562459999998,5.026070659550808,65.98123466199999,3.1443916707897976
WLD,Broad money (% of GDP),1984,73.1733284,1980,2.385948280000008,2.385948280000008,3.3705842424953447,67.79300801,4.224261873093814
WLD,Broad money (% of GDP),1985,74.66205194,1980,1.4887235399999952,1.4887235399999952,2.0345166368023193,70.13565120599999,4.112646028815862
WLD,Broad money (% of GDP),1986,82.6959625,1980,8.033910559999995,8.033910559999995,10.760366680594613,73.743708124,5.7073717307753045
WLD,Broad money (% of GDP),1987,87.37848082,1980,4.68251832,4.68251832,5.662330032134277,77.739440756,7.00230412459395
WLD,Broad money (% of GDP),1988,91.01066932,1980,3.6321885000000123,3.6321885000000123,4.156845559586153,81.784098596,7.780217341295229
WLD,Broad money (% of GDP),1989,92.20289031,1980,1.1922209899999956,1.1922209899999956,1.3099793671531579,85.590010978,7.143320999809078
WLD,Broad money (% of GDP),1990,86.94825158,1990,-5.254638729999996,-5.254638729999996,-5.698995673924223,88.047250906,3.7530830027852464
WLD,Broad money (% of GDP),1991,88.3276964,1990,1.3794448199999891,1.3794448199999891,1.5865124311680745,89.17359768600001,2.315254026560325
WLD,Broad money (% of GDP),1992,86.93232118,1990,-1.3953752199999911,-1.3953752199999911,-1.5797708724123227,89.084365758,2.4084574398820133
WLD,Broad money (% of GDP),1993,90.52539451,1990,3.5930733299999957,3.5930733299999957,4.1331846213565,88.987310796,2.3195629481523414
WLD,Broad money (% of GDP),1994,90.31074809,1990,-0.214646419999994,-0.214646419999994,-0.23711183051102758,88.608882352,1.7476400734931765
WLD,Broad money (% of GDP),1995,91.48657165,1990,1.1758235599999978,1.1758235599999978,1.3019752187505063,89.51654636599999,1.8453397132556961
WLD,Broad money (% of GDP),1996,88.696028,1990,-2.7905436500000036,-2.7905436500000036,-3.050222125139612,89.590212686,1.7926145111992036
WLD,Broad money (% of GDP),1997,89.15721512,1990,0.4611871200000053,0.4611871200000053,0.5199636673696384,90.035191474,1.1165724527200502
WLD,Broad money (% of GDP),1998,91.89188709,1990,2.7346719699999937,2.7346719699999937,3.0672469595638407,90.30848999,1.3982574305563358
WLD,Broad money (% of GDP),1999,98.57277603,1990,6.680888940000003,6.680888940000003,7.27037952050833,91.96089557799999,3.9517936713623802
WLD,Broad money (% of GDP),2000,98.65619483,2000,0.08341880000000401,0.08341880000000401,0.0846266112812133,93.39482021399999,4.919045701673211
WLD,Broad money (% of GDP),2001,95.42573014,2000,-3.230464690000005,-3.230464690000005,-3.2744671488360133,94.74076064200001,4.176607808352159
WLD,Broad money (% of GDP),2002,96.23554479,2000,0.809814650000007,0.809814650000007,0.8486334333642764,96.15642657599999,2.775520672260357
WLD,Broad money (% of GDP),2003,97.0956432,2000,0.860098409999992,0.860098409999992,0.8937429635555771,97.19717779800001,1.4225044215441527
WLD,Broad money (% of GDP),2004,95.91436236,2000,-1.1812808399999994,-1.1812808399999994,-1.2166157008371314,96.665495064,1.2682653134470403
WLD,Broad money (% of GDP),2005,95.29212519,2000,-0.6222371700000053,-0.6222371700000053,-0.6487424351157456,95.992681136,0.7235077686307178
WLD,Broad money (% of GDP),2006,96.10562116,2000,0.8134959700000053,0.8134959700000053,0.8536864597971761,96.12865934,0.6505239469874293
WLD,Broad money (% of GDP),2007,96.41543203,2000,0.30981087000000684,0.30981087000000684,0.3223649837132969,96.16463678800001,0.6627721733185534
WLD,Broad money (% of GDP),2008,100.0025134,2000,3.587081369999993,3.587081369999993,3.720443184742317,96.746010828,1.8661198308739169
WLD,Broad money (% of GDP),2009,111.0087715,2000,11.006258099999997,11.006258099999997,11.005981475661585,99.764892656,6.54018497918836
WLD,Broad money (% of GDP),2010,107.9480905,2010,-3.060680999999988,-3.060680999999988,-2.7571523931331776,102.296085718,6.819465976371581
WLD,Broad money (% of GDP),2011,109.1949223,2010,1.2468317999999954,1.2468317999999954,1.1550290461135981,104.91394594600001,6.344812816114541
WLD,Broad money (% of GDP),2012,111.5060523,2010,2.3111299999999915,2.3111299999999915,2.116517830060305,107.93207,4.655973637743798
WLD,Broad money (% of GDP),2013,112.095354,2010,0.5893017000000071,0.5893017000000071,0.5284930170557312,110.35063811999999,1.7262726535886788
WLD,Broad money (% of GDP),2014,114.5310446,2010,2.435690600000001,2.435690600000001,2.1728738195518904,111.05509274,2.573006331709645
WLD,Broad money (% of GDP),2015,117.7380764,2010,3.2070317999999958,3.2070317999999958,2.800141927632427,113.01308992,3.252748423567935
WLD,Broad money (% of GDP),2016,121.6668651,2010,3.9287886999999984,3.9287886999999984,3.336888812971983,115.50747848,4.228505607137381
WLD,Broad money (% of GDP),2017,119.9613444,2010,-1.705520699999994,-1.705520699999994,-1.401795549345497,117.1985369,3.9066659678827644
WLD,Broad money (% of GDP),2018,120.2048697,2010,0.24352530000000172,0.24352530000000172,0.2030031434025803,118.82044004,2.7789776966651107
WLD,Broad money (% of GDP),2019,122.2835326,2010,2.0786628999999976,2.0786628999999976,1.7292667969174502,120.37093764000001,1.7652727094315352
WLD,Broad money (% of GDP),2020,140.0833201,2020,17.799787500000008,17.799787500000008,14.556160687821018,124.83998638,8.576841372154448
WLD,Broad money (% of GDP),2021,139.9156172,2020,-0.16770289999999477,-0.16770289999999477,-0.11971653718678699,128.4897368,10.54575017500292
WLD,Broad money (% of GDP),2022,136.9038372,2020,-3.011780000000016,-3.011780000000016,-2.1525688556230826,131.87823536000002,9.817145501259388
WLD,Broad money (% of GDP),2023,135.5653641,2020,-1.3384730999999874,-1.3384730999999874,-0.9776739113927402,134.95033424000002,7.342408971896953
WLD,Broad money (% of GDP),2024,136.1055622,2020,0.5401980999999978,0.5401980999999978,0.398477961967858,137.71474016000002,2.140144004627759
WLD,Broad money (% of GDP),2025,136.1055622,2020,0.0,0.0,0.0,136.91918858000003,1.7418120331104259
WLD,Domestic credit to private sector (% of GDP),1976,136.1055622,1970,,,,,
WLD,Domestic credit to private sector (% of GDP),1977,72.07925509,1970,-64.02630711,-64.02630711,-47.04165360701181,,
WLD,Domestic credit to private sector (% of GDP),1978,72.07925509,1970,0.0,0.0,0.0,93.42135746000001,36.965605645176154
WLD,Domestic credit to private sector (% of GDP),1979,72.07925509,1970,0.0,0.0,0.0,88.0858318675,32.013153555
WLD,Domestic credit to private sector (% of GDP),1980,72.07925509,1980,0.0,0.0,0.0,84.884516512,28.633435009247624
WLD,Domestic credit to private sector (% of GDP),1981,72.81777669,1980,0.7385215999999986,0.7385215999999986,1.0245966042210952,72.22695941,0.3302769000903803
WLD,Domestic credit to private sector (% of GDP),1982,75.53162967,1980,2.7138529799999986,2.7138529799999986,3.726909970835024,72.917434326,1.4959597451125632
WLD,Domestic credit to private sector (% of GDP),1983,80.1446352,1980,4.613005529999995,4.613005529999995,6.107382496782288,74.530510348,3.444974564990179
WLD,Domestic credit to private sector (% of GDP),1984,82.67042743,1980,2.5257922300000075,2.5257922300000075,3.1515424877746723,76.648744816,4.617532091620042
WLD,Domestic credit to private sector (% of GDP),1985,87.54898181,1980,4.878554379999997,4.878554379999997,5.901208608278741,79.74269016000001,5.817191153804699
WLD,Domestic credit to private sector (% of GDP),1986,98.56793328,1980,11.018951470000005,11.018951470000005,12.586041827320704,84.892721478,8.791758793862458
WLD,Domestic credit to private sector (% of GDP),1987,105.0024373,1980,6.434504019999991,6.434504019999991,6.527989180539695,90.786883004,10.633026625668862
WLD,Domestic credit to private sector (% of GDP),1988,109.5939205,1980,4.591483199999999,4.591483199999999,4.372739641158785,96.676740064,11.393420919622661
WLD,Domestic credit to private sector (% of GDP),1989,115.0575142,1980,5.463593700000004,5.463593700000004,4.985307282624318,103.154157418,10.619928758642637
WLD,Domestic credit to private sector (% of GDP),1990,115.0575142,1990,0.0,0.0,0.0,108.655863896,7.034843165048403
WLD,Domestic credit to private sector (% of GDP),1991,115.0575142,1990,0.0,0.0,0.0,111.95378008,4.5494395299130375
WLD,Domestic credit to private sector (% of GDP),1992,115.0575142,1990,0.0,0.0,0.0,113.96479546,2.4433933829284014
WLD,Domestic credit to private sector (% of GDP),1993,121.3731475,1990,6.315633300000002,6.315633300000002,5.4891098107871406,116.32064086,2.8244370759527038
WLD,Domestic credit to private sector (% of GDP),1994,119.9359016,1990,-1.4372459000000077,-1.4372459000000077,-1.1841547571302846,117.29631834,3.1074373572991005
WLD,Domestic credit to private sector (% of GDP),1995,120.73523,1990,0.7993284000000074,0.7993284000000074,0.6664629934294952,118.4318615,3.1221485312618182
WLD,Domestic credit to private sector (% of GDP),1996,120.1820714,1990,-0.5531586000000033,-0.5531586000000033,-0.45815840165294164,119.45677294,2.5207163415816947
WLD,Domestic credit to private sector (% of GDP),1997,123.0708337,1990,2.8887622999999962,2.8887622999999962,2.403654943161504,121.05943683999999,1.2531304134604082
WLD,Domestic credit to private sector (% of GDP),1998,128.77583,1990,5.704996300000019,5.704996300000019,4.635538842538955,122.53997334,3.700192924527526
WLD,Domestic credit to private sector (% of GDP),1999,139.0020602,1990,10.226230199999975,10.226230199999975,7.94110991169692,126.35320506000001,7.846673564669649
WLD,Domestic credit to private sector (% of GDP),2000,134.39255,2000,-4.609510199999988,-4.609510199999988,-3.3161452379681933,129.08466905999998,7.778915244026382
WLD,Domestic credit to private sector (% of GDP),2001,123.4456402,2000,-10.9469098,-10.9469098,-8.145473688831705,129.73738282,6.936467303689123
WLD,Domestic credit to private sector (% of GDP),2002,120.5947098,2000,-2.8509303999999958,-2.8509303999999958,-2.3094622016468724,129.24215804,7.589098587583141
WLD,Domestic credit to private sector (% of GDP),2003,124.3907903,2000,3.796080500000002,3.796080500000002,3.147800186505356,128.3651501,7.903326229536727
WLD,Domestic credit to private sector (% of GDP),2004,124.2670753,2000,-0.12371500000000424,-0.12371500000000424,-0.0994567199883778,125.41815311999999,5.245871389774066
WLD,Domestic credit to private sector (% of GDP),2005,125.1203747,2000,0.8532993999999974,0.8532993999999974,0.6866657141000543,123.56371806,1.7628735221987704
WLD,Domestic credit to private sector (% of GDP),2006,127.7166488,2000,2.5962741000000022,2.5962741000000022,2.075021039718794,124.41791978,2.5502686465859905
WLD,Domestic credit to private sector (% of GDP),2007,127.9225622,2000,0.20591340000000002,0.20591340000000002,0.1612267483798835,125.88349026,1.7987204105066728
WLD,Domestic credit to private sector (% of GDP),2008,119.8925723,2000,-8.029989900000004,-8.029989900000004,-6.27722722395565,124.98384666,3.2618143823053005
WLD,Domestic credit to private sector (% of GDP),2009,124.4842918,2000,4.591719499999996,4.591719499999996,3.829861526792855,125.02728996,3.2513108714991317
WLD,Domestic credit to private sector (% of GDP),2010,119.2008466,2010,-5.2834451999999885,-5.2834451999999885,-4.244266584645495,123.84338434000001,4.1597687557616405
WLD,Domestic credit to private sector (% of GDP),2011,114.5994752,2010,-4.601371400000005,-4.601371400000005,-3.860183489669955,121.21994962,5.129579280180105
WLD,Domestic credit to private sector (% of GDP),2012,115.4197582,2010,0.8202830000000034,0.8202830000000034,0.7157825099708637,118.71938881999999,3.9592776457706416
WLD,Domestic credit to private sector (% of GDP),2013,117.4883695,2010,2.0686113000000006,2.0686113000000006,1.7922505923253729,118.23854825999999,3.92703860348225
WLD,Domestic credit to private sector (% of GDP),2014,118.8069186,2010,1.3185490999999985,1.3185490999999985,1.12228053347867,117.10307362,2.0343148698323414
WLD,Domestic credit to private sector (% of GDP),2015,123.1119222,2010,4.305003599999992,4.305003599999992,3.623529379205692,117.88528874000001,3.361549318039623
WLD,Domestic credit to private sector (% of GDP),2016,124.550893,2010,1.438970800000007,1.438970800000007,1.168831396899428,119.8755723,3.841471773803044
WLD,Domestic credit to private sector (% of GDP),2017,125.4241118,2010,0.8732188000000036,0.8732188000000036,0.7010939696755258,121.87644302000001,3.533490294816053
WLD,Domestic credit to private sector (% of GDP),2018,124.755658,2010,-0.6684538000000089,-0.6684538000000089,-0.5329547807090829,123.32990072,2.6652489522520133
WLD,Domestic credit to private sector (% of GDP),2019,129.2855601,2010,4.529902100000001,4.529902100000001,3.63101936426804,125.42562902,2.3165887510280987
WLD,Domestic credit to private sector (% of GDP),2020,144.7530921,2020,15.467532000000006,15.467532000000006,11.963851174126594,129.753863,8.60226535130827
WLD,Domestic credit to private sector (% of GDP),2021,141.7634573,2020,-2.9896348000000046,-2.9896348000000046,-2.06533398121449,133.19637586000002,9.406126476539654
WLD,Domestic credit to private sector (% of GDP),2022,134.4255445,2020,-7.337912799999998,-7.337912799999998,-5.176166650952574,134.99666240000002,8.348629677487608
WLD,Domestic credit to private sector (% of GDP),2023,135.9707942,2020,1.5452496999999994,1.5452496999999994,1.149520878451793,137.23968964,6.117870863571522
WLD,Domestic credit to private sector (% of GDP),2024,140.3204509,2020,4.349656699999997,4.349656699999997,3.198963958099754,139.4466678,4.230322854752959
WLD,Domestic credit to private sector (% of GDP),2025,140.3204509,2020,0.0,0.0,0.0,138.56013955999998,3.172468371568432
WLD,"GDP per capita, PPP (constant 2021 international $)",1976,140.3204509,1970,,,,,
WLD,"GDP per capita, PPP (constant 2021 international $)",1977,140.3204509,1970,0.0,0.0,0.0,,
WLD,"GDP per capita, PPP (constant 2021 international $)",1978,140.3204509,1970,0.0,0.0,0.0,140.3204509,0.0
WLD,"GDP per capita, PPP (constant 2021 international $)",1979,140.3204509,1970,0.0,0.0,0.0,140.3204509,0.0
WLD,"GDP per capita, PPP (constant 2021 international $)",1980,140.3204509,1980,0.0,0.0,0.0,140.3204509,0.0
WLD,"GDP per capita, PPP (constant 2021 international $)",1981,140.3204509,1980,0.0,0.0,0.0,140.3204509,0.0
WLD,"GDP per capita, PPP (constant 2021 international $)",1982,140.3204509,1980,0.0,0.0,0.0,140.3204509,0.0
WLD,"GDP per capita, PPP (constant 2021 international $)",1983,140.3204509,1980,0.0,0.0,0.0,140.3204509,0.0
WLD,"GDP per capita, PPP (constant 2021 international $)",1984,140.3204509,1980,0.0,0.0,0.0,140.3204509,0.0
WLD,"GDP per capita, PPP (constant 2021 international $)",1985,140.3204509,1980,0.0,0.0,0.0,140.3204509,0.0
WLD,"GDP per capita, PPP (constant 2021 international $)",1986,140.3204509,1980,0.0,0.0,0.0,140.3204509,0.0
WLD,"GDP per capita, PPP (constant 2021 international $)",1987,140.3204509,1980,0.0,0.0,0.0,140.3204509,0.0
WLD,"GDP per capita, PPP (constant 2021 international $)",1988,140.3204509,1980,0.0,0.0,0.0,140.3204509,0.0
WLD,"GDP per capita, PPP (constant 2021 international $)",1989,140.3204509,1980,0.0,0.0,0.0,140.3204509,0.0
WLD,"GDP per capita, PPP (constant 2021 international $)",1990,11275.13398,1990,11134.8135291,11134.8135291,7935.274906603084,2367.28315672,4979.639993570387
WLD,"GDP per capita, PPP (constant 2021 international $)",1991,11183.41069,1990,-91.7232899999999,-91.7232899999999,-0.8135006658253507,4575.9012045399995,6073.755659524553
WLD,"GDP per capita, PPP (constant 2021 international $)",1992,11147.5576,1990,-35.85309000000052,-35.85309000000052,-0.320591731751918,6777.34863436,6058.928710445632
WLD,"GDP per capita, PPP (constant 2021 international $)",1993,11138.33219,1990,-9.22541000000092,-9.22541000000092,-0.08275723105481969,8976.95098218,4940.122733670018
WLD,"GDP per capita, PPP (constant 2021 international $)",1994,11264.77783,1990,126.44564000000173,126.44564000000173,1.1352295643824117,11201.842458000001,64.52255083878867
WLD,"GDP per capita, PPP (constant 2021 international $)",1995,11442.80415,1990,178.02631999999903,178.02631999999903,1.5803802142096757,11235.376492,126.21496632713212
WLD,"GDP per capita, PPP (constant 2021 international $)",1996,11691.70786,1990,248.9037100000005,248.9037100000005,2.1751985504357307,11337.035926,233.23032668216766
WLD,"GDP per capita, PPP (constant 2021 international $)",1997,11979.7238,1990,288.0159399999993,288.0159399999993,2.463420600726507,11503.469166,337.72440377305895
WLD,"GDP per capita, PPP (constant 2021 international $)",1998,12098.40319,1990,118.67939000000115,118.67939000000115,0.990668833283137,11695.483366,350.8936121809863
WLD,"GDP per capita, PPP (constant 2021 international $)",1999,12360.74333,1990,262.3401399999984,262.3401399999984,2.168386487704743,11914.676466,356.84057848003516
WLD,"GDP per capita, PPP (constant 2021 international $)",2000,12780.63814,2000,419.8948099999998,419.8948099999998,3.3970029050024664,12182.243264,411.8880233357349
WLD,"GDP per capita, PPP (constant 2021 international $)",2001,12915.05532,2000,134.41718000000037,134.41718000000037,1.0517251058013377,12426.912756,410.99869231345696
WLD,"GDP per capita, PPP (constant 2021 international $)",2002,13104.3468,2000,189.29147999999986,189.29147999999986,1.4656652666974468,12651.837356,412.8144993545854
WLD,"GDP per capita, PPP (constant 2021 international $)",2003,13410.59783,2000,306.25103000000126,306.25103000000126,2.3370186600983445,12914.276284,389.4612848760302
WLD,"GDP per capita, PPP (constant 2021 international $)",2004,13921.3401,2000,510.7422699999988,510.7422699999988,3.808497402386113,13226.395637999998,454.80949646384397
WLD,"GDP per capita, PPP (constant 2021 international $)",2005,14377.20536,2000,455.8652600000005,455.8652600000005,3.2745788604072734,13545.709081999998,600.679740778223
WLD,"GDP per capita, PPP (constant 2021 international $)",2006,14934.6933,2000,557.4879400000009,557.4879400000009,3.877582089430498,13949.636677999999,734.6819176014537
WLD,"GDP per capita, PPP (constant 2021 international $)",2007,15519.53751,2000,584.8442099999993,584.8442099999993,3.9160108497172663,14432.67482,828.0209072742617
WLD,"GDP per capita, PPP (constant 2021 international $)",2008,15756.19739,2000,236.65987999999925,236.65987999999925,1.5249158027261345,14901.794732,766.3513639595519
WLD,"GDP per capita, PPP (constant 2021 international $)",2009,15456.59251,2000,-299.60487999999896,-299.60487999999896,-1.9015049925063088,15208.845214,553.2375052253724
WLD,"GDP per capita, PPP (constant 2021 international $)",2010,16050.85285,2010,594.2603399999989,594.2603399999989,3.8447047084635866,15543.574711999998,412.7407712222269
WLD,"GDP per capita, PPP (constant 2021 international $)",2011,16478.65087,2010,427.798020000002,427.798020000002,2.665266599836791,15852.366226000002,420.79972335582
WLD,"GDP per capita, PPP (constant 2021 international $)",2012,16785.05388,2010,306.4030099999982,306.4030099999982,1.8593937842194208,16105.469500000001,535.5171794367459
WLD,"GDP per capita, PPP (constant 2021 international $)",2013,17121.72318,2010,336.6693000000014,336.6693000000014,2.0057683603932563,16378.574657999998,649.0306226493109
WLD,"GDP per capita, PPP (constant 2021 international $)",2014,17502.78046,2010,381.0572800000009,381.0572800000009,2.2255778579875374,16787.812248,561.5544442039724
WLD,"GDP per capita, PPP (constant 2021 international $)",2015,17870.97974,2010,368.1992799999971,368.1992799999971,2.1036616487389637,17151.837626,554.2887012888115
WLD,"GDP per capita, PPP (constant 2021 international $)",2016,18234.01877,2010,363.0390299999999,363.0390299999999,2.0314444718854574,17502.911206,576.7616892207309
WLD,"GDP per capita, PPP (constant 2021 international $)",2017,18714.57368,2010,480.55491000000256,480.55491000000256,2.6354854410408413,17888.815166000004,620.2446419156975
WLD,"GDP per capita, PPP (constant 2021 international $)",2018,19189.49223,2010,474.9185499999985,474.9185499999985,2.5376936612108825,18302.368976,668.3955797847524
WLD,"GDP per capita, PPP (constant 2021 international $)",2019,19551.08537,2010,361.59314000000086,361.59314000000086,1.8843288590758123,18712.029958,683.3466984559223
WLD,"GDP per capita, PPP (constant 2021 international $)",2020,18812.49218,2020,-738.5931899999996,-738.5931899999996,-3.7777605489530908,18900.332446,498.31939935116105
WLD,"GDP per capita, PPP (constant 2021 international $)",2021,19875.56692,2020,1063.07474,1063.07474,5.650897976878255,19228.642076,490.2706379589067
WLD,"GDP per capita, PPP (constant 2021 international $)",2022,20421.73368,2020,546.1667600000001,546.1667600000001,2.7479304726166776,19570.074075999997,620.0369747901742
WLD,"GDP per capita, PPP (constant 2021 international $)",2023,20894.86637,2020,473.13268999999855,473.13268999999855,2.3168096177033304,19911.148904,800.9923984796385
WLD,"GDP per capita, PPP (constant 2021 international $)",2024,21393.18436,2020,498.31798999999955,498.31798999999955,2.384882397312027,20279.568702,994.2928261107733
WLD,"GDP per capita, PPP (constant 2021 international $)",2025,21913.50949,2020,520.3251300000011,520.3251300000011,2.4322004674202757,20899.772164,798.2261900808393
WLD,Gross capital formation (% of GDP),1976,26.29296003,1970,,,,,
WLD,Gross capital formation (% of GDP),1977,26.56692778,1970,0.2739677500000006,0.2739677500000006,1.0419813885063078,,
WLD,Gross capital formation (% of GDP),1978,26.91048151,1970,0.34355373,0.34355373,1.2931631871210714,26.590123106666667,0.30941349671552354
WLD,Gross capital formation (% of GDP),1979,27.17505545,1970,0.26457393999999823,0.26457393999999823,0.9831631585695888,26.7363561925,0.3864724261865354
WLD,Gross capital formation (% of GDP),1980,26.59882432,1980,-0.57623113,-0.57623113,-2.1204414138555117,26.708849817999997,0.3402994348254955
WLD,Gross capital formation (% of GDP),1981,25.93502514,1980,-0.663799179999998,-0.663799179999998,-2.4955959406855355,26.637262839999998,0.46460511749050487
WLD,Gross capital formation (% of GDP),1982,24.55886113,1980,-1.37616401,-1.37616401,-5.306198866480061,26.235649509999995,1.0454391390811264
WLD,Gross capital formation (% of GDP),1983,24.1114659,1980,-0.4473952300000015,-0.4473952300000015,-1.821726291100212,25.675846388000004,1.3097358586614576
WLD,Gross capital formation (% of GDP),1984,25.24186467,1980,1.1303987699999993,1.1303987699999993,4.688220843511637,25.289208232,1.0068389989783117
WLD,Gross capital formation (% of GDP),1985,25.00179932,1980,-0.2400653499999983,-0.2400653499999983,-0.951060284723404,24.969803232,0.6914316477567052
WLD,Gross capital formation (% of GDP),1986,25.05486351,1980,0.05306419000000062,0.05306419000000062,0.2122414843860998,24.793770906,0.4563320924238295
WLD,Gross capital formation (% of GDP),1987,25.26948615,1980,0.2146226399999982,0.2146226399999982,0.8566106932266448,24.93589591,0.47515279674206934
WLD,Gross capital formation (% of GDP),1988,26.38648166,1980,1.1169955100000024,1.1169955100000024,4.420333295934475,25.390899062,0.5684310767524925
WLD,Gross capital formation (% of GDP),1989,26.9406614,1980,0.5541797399999986,0.5541797399999986,2.1002411277896815,25.730658408,0.87960581290494
WLD,Gross capital formation (% of GDP),1990,26.56903573,1990,-0.37162567000000024,-0.37162567000000024,-1.379422963981125,26.04410569,0.8329496556368791
WLD,Gross capital formation (% of GDP),1991,25.87645793,1990,-0.6925777999999987,-0.6925777999999987,-2.6067103339320163,26.208424574000002,0.6499466743220575
WLD,Gross capital formation (% of GDP),1992,25.25877943,1990,-0.6176785000000002,-0.6176785000000002,-2.3870287875988327,26.206283230000004,0.6538196093988301
WLD,Gross capital formation (% of GDP),1993,24.7053019,1990,-0.5534775300000021,-0.5534775300000021,-2.191228327298478,25.870047277999998,0.9172132696768454
WLD,Gross capital formation (% of GDP),1994,25.02422812,1990,0.3189262200000016,0.3189262200000016,1.2909221724588749,25.486760622,0.7415815657702253
WLD,Gross capital formation (% of GDP),1995,25.04717277,1990,0.022944649999999456,0.022944649999999456,0.09168974119788675,25.18238803,0.4354530890883871
WLD,Gross capital formation (% of GDP),1996,24.84646941,1990,-0.20070335999999855,-0.20070335999999855,-0.8013014556293108,24.976390326,0.21060068500412674
WLD,Gross capital formation (% of GDP),1997,24.63104906,1990,-0.21542035000000226,-0.21542035000000226,-0.8670058769528866,24.850844252,0.18582148325566183
WLD,Gross capital formation (% of GDP),1998,24.20868887,1990,-0.42236018999999914,-0.42236018999999914,-1.7147470616097227,24.751521646,0.34640097887061083
WLD,Gross capital formation (% of GDP),1999,24.33881846,1990,0.13012958999999924,0.13012958999999924,0.5375325805490494,24.614439714,0.34712114996743726
WLD,Gross capital formation (% of GDP),2000,24.69810478,2000,0.3592863200000025,0.3592863200000025,1.4761863670189168,24.544626116,0.2633175954071583
WLD,Gross capital formation (% of GDP),2001,23.89055537,2000,-0.80754941,-0.80754941,-3.26968169093661,24.353443308000003,0.3283631604148281
WLD,Gross capital formation (% of GDP),2002,23.25386343,2000,-0.6366919400000022,-0.6366919400000022,-2.66503616236361,24.078006182000003,0.5440524706160718
WLD,Gross capital formation (% of GDP),2003,23.42721642,2000,0.17335299000000148,0.17335299000000148,0.7454803823108369,23.921711692000002,0.6058634075625331
WLD,Gross capital formation (% of GDP),2004,24.09493129,2000,0.6677148700000011,0.6677148700000011,2.8501673354157653,23.872934258,0.5728029018290014
WLD,Gross capital formation (% of GDP),2005,24.45938842,2000,0.36445712999999813,0.36445712999999813,1.5125883764244508,23.825190986000003,0.4909270951521065
WLD,Gross capital formation (% of GDP),2006,25.00717173,2000,0.5477833099999998,0.5477833099999998,2.239562578564258,24.048514258,0.7258576321195968
WLD,Gross capital formation (% of GDP),2007,25.46622709,2000,0.4590553600000007,0.4590553600000007,1.8356948356910374,24.49098699,0.7916764413546199
WLD,Gross capital formation (% of GDP),2008,25.46020818,2000,-0.006018910000001654,-0.006018910000001654,-0.023634871309086147,24.897585342,0.6099543305619106
WLD,Gross capital formation (% of GDP),2009,23.42349319,2000,-2.03671499,-2.03671499,-7.999600692974385,24.763297721999997,0.8553808307494659
WLD,Gross capital formation (% of GDP),2010,24.62677158,2010,1.2032783900000013,1.2032783900000013,5.1370578258314925,24.796774354,0.8437091562872157
WLD,Gross capital formation (% of GDP),2011,25.34954276,2010,0.7227711799999987,0.7227711799999987,2.9349002472860874,24.865248559999998,0.8782401197877172
WLD,Gross capital formation (% of GDP),2012,25.48716075,2010,0.13761799000000252,0.13761799000000252,0.5428815474224358,24.869435292,0.8818637603032018
WLD,Gross capital formation (% of GDP),2013,25.59703759,2010,0.10987683999999831,0.10987683999999831,0.43110663081606937,24.896801173999997,0.9065570594721605
WLD,Gross capital formation (% of GDP),2014,25.87947205,2010,0.28243446000000105,0.28243446000000105,1.1033872924042676,25.387996945999998,0.4679802375587733
WLD,Gross capital formation (% of GDP),2015,25.92454086,2010,0.04506881000000007,0.04506881000000007,0.17414887719859884,25.647550802,0.24879524913495446
WLD,Gross capital formation (% of GDP),2016,25.66630537,2010,-0.25823549000000057,-0.25823549000000057,-0.9961043915668433,25.710903324000004,0.1864614802538836
WLD,Gross capital formation (% of GDP),2017,26.1215187,2010,0.4552133299999994,0.4552133299999994,1.7735833944065638,25.837774914,0.21043632072178917
WLD,Gross capital formation (% of GDP),2018,26.66189953,2010,0.5403808300000001,0.5403808300000001,2.068719036615585,26.050747302,0.37801273576230854
WLD,Gross capital formation (% of GDP),2019,26.56411734,2010,-0.09778219000000021,-0.09778219000000021,-0.3667487753075349,26.18767636,0.42191239106555745
WLD,Gross capital formation (% of GDP),2020,26.45742608,2020,-0.10669125999999807,-0.10669125999999807,-0.40163675922084696,26.294253404,0.40582371526302885
WLD,Gross capital formation (% of GDP),2021,27.23730539,2020,0.7798793099999983,0.7798793099999983,2.9476764203814065,26.608453408000003,0.40626089333259663
WLD,Gross capital formation (% of GDP),2022,27.47393935,2020,0.23663395999999892,0.23663395999999892,0.868786234951413,26.878937538000002,0.44898325047847476
WLD,Gross capital formation (% of GDP),2023,26.65774659,2020,-0.8161927599999999,-0.8161927599999999,-2.9707889706031554,26.87810695,0.4494886889620441
WLD,Gross capital formation (% of GDP),2024,26.28769098,2020,-0.37005560999999787,-0.37005560999999787,-1.3881728853211261,26.822821677999997,0.5106073741050433
WLD,Gross capital formation (% of GDP),2025,26.28769098,2020,0.0,0.0,0.0,26.788874657999997,0.5454283825653881
WLD,"Inflation, GDP deflator (annual %)",1976,9.281522019,1970,,,,,
WLD,"Inflation, GDP deflator (annual %)",1977,9.693085608,1970,0.411563589,0.411563589,4.4342252074336175,,
WLD,"Inflation, GDP deflator (annual %)",1978,7.797801406,1970,-1.895284202000001,-1.895284202000001,-19.55295020231499,8.924136344333334,0.9969046804636876
WLD,"Inflation, GDP deflator (annual %)",1979,11.51224723,1970,3.7144458240000002,3.7144458240000002,47.63452710070211,9.57116406575,1.5287659894220278
WLD,"Inflation, GDP deflator (annual %)",1980,13.05354569,1980,1.5412984600000001,1.5412984600000001,13.388337039735386,10.2676403906,2.044074471048681
WLD,"Inflation, GDP deflator (annual %)",1981,10.04785874,1980,-3.0056869499999994,-3.0056869499999994,-23.0258277818155,10.4209077348,1.9793548134376138
WLD,"Inflation, GDP deflator (annual %)",1982,8.113086842,1980,-1.934771898000001,-1.934771898000001,-19.255564275578195,10.104907981599998,2.2343016199020003
WLD,"Inflation, GDP deflator (annual %)",1983,7.725272838,1980,-0.3878140039999991,-0.3878140039999991,-4.780104189102907,10.090402268,2.2531802802722543
WLD,"Inflation, GDP deflator (annual %)",1984,7.923232848,1980,0.1979600099999992,0.1979600099999992,2.5624986217476886,9.3725993916,2.258653407110573
WLD,"Inflation, GDP deflator (annual %)",1985,5.526820143,1980,-2.3964127049999995,-2.3964127049999995,-30.245390372503156,7.867254282199999,1.605957170902607
WLD,"Inflation, GDP deflator (annual %)",1986,5.097969808,1980,-0.4288503349999999,-0.4288503349999999,-7.759440761667646,6.8772764957999994,1.4430882118684505
WLD,"Inflation, GDP deflator (annual %)",1987,7.176368511,1980,2.0783987029999995,2.0783987029999995,40.769144998435806,6.689932829599999,1.2958351481177957
WLD,"Inflation, GDP deflator (annual %)",1988,6.513415319,1980,-0.6629531919999998,-0.6629531919999998,-9.238003747770474,6.4475613258,1.1599854194852208
WLD,"Inflation, GDP deflator (annual %)",1989,7.147738828,1980,0.6343235089999997,0.6343235089999997,9.738723510377767,6.2924625218,0.9453344106475005
WLD,"Inflation, GDP deflator (annual %)",1990,7.906598429,1990,0.7588596010000002,0.7588596010000002,10.616778526200509,6.768418178999999,1.0560760067830652
WLD,"Inflation, GDP deflator (annual %)",1991,8.665658945,1990,0.7590605160000008,0.7590605160000008,9.60034233199325,7.4819560064,0.8253226243042208
WLD,"Inflation, GDP deflator (annual %)",1992,7.344066929,1990,-1.3215920160000003,-1.3215920160000003,-15.250911954739987,7.51549569,0.8131166683193535
WLD,"Inflation, GDP deflator (annual %)",1993,7.559538278,1990,0.21547134899999953,0.21547134899999953,2.933951325377415,7.724720281800001,0.5965599080855001
WLD,"Inflation, GDP deflator (annual %)",1994,9.808157635,1990,2.248619357000001,2.248619357000001,29.745458972593617,8.2568040432,1.0019696672918708
WLD,"Inflation, GDP deflator (annual %)",1995,8.667818239,1990,-1.140339396,-1.140339396,-11.626438302038977,8.4090480052,0.9932485129357813
WLD,"Inflation, GDP deflator (annual %)",1996,6.619638968,1990,-2.0481792710000004,-2.0481792710000004,-23.62969797618065,7.9998440098,1.2495065438532063
WLD,"Inflation, GDP deflator (annual %)",1997,4.260791089,1990,-2.3588478790000007,-2.3588478790000007,-35.63408654766383,7.383188841800001,2.115078107083922
WLD,"Inflation, GDP deflator (annual %)",1998,4.675120892,1990,0.4143298030000002,0.4143298030000002,9.724245905171625,6.8063053646,2.4255299298306405
WLD,"Inflation, GDP deflator (annual %)",1999,4.210807178,1990,-0.4643137140000002,-0.4643137140000002,-9.931587326319779,5.6868352732,1.935988708493644
WLD,"Inflation, GDP deflator (annual %)",2000,5.24260503,2000,1.0317978520000004,1.0317978520000004,24.503564480244666,5.0017926314,0.9945945252742058
WLD,"Inflation, GDP deflator (annual %)",2001,3.941794104,2000,-1.300810926,-1.300810926,-24.812300727525916,4.4662236586,0.5071667785185598
WLD,"Inflation, GDP deflator (annual %)",2002,3.583238511,2000,-0.3585555930000002,-0.3585555930000002,-9.096253724570492,4.330713143,0.6470157061405891
WLD,"Inflation, GDP deflator (annual %)",2003,4.003965725,2000,0.4207272139999998,0.4207272139999998,11.741535281796933,4.1964821096,0.627011686878857
WLD,"Inflation, GDP deflator (annual %)",2004,5.629248197,2000,1.6252824720000003,1.6252824720000003,40.59181780333547,4.4801703133999995,0.8976069700421743
WLD,"Inflation, GDP deflator (annual %)",2005,5.777817973,2000,0.14856977600000043,0.14856977600000043,2.6392472102967135,4.587212901999999,1.0329672384919408
WLD,"Inflation, GDP deflator (annual %)",2006,5.875935811,2000,0.0981178379999994,0.0981178379999994,1.6981815359796482,4.9740412434,1.0913461579637498
WLD,"Inflation, GDP deflator (annual %)",2007,5.953545136,2000,0.07760932500000006,0.07760932500000006,1.3207994010879354,5.4481025683999995,0.8163287759647498
WLD,"Inflation, GDP deflator (annual %)",2008,7.860966094,2000,1.9074209580000003,1.9074209580000003,32.038405931722494,6.2195026422,0.9255619216568868
WLD,"Inflation, GDP deflator (annual %)",2009,2.035574468,2000,-5.825391626,-5.825391626,-74.10528879454546,5.500767896399999,2.121356639391994
WLD,"Inflation, GDP deflator (annual %)",2010,4.229784729,2010,2.1942102610000003,2.1942102610000003,107.7931706991719,5.1911612476,2.182886623712636
WLD,"Inflation, GDP deflator (annual %)",2011,5.476499433,2010,1.2467147039999995,1.2467147039999995,29.474660860453426,5.111273972,2.1587361951665125
WLD,"Inflation, GDP deflator (annual %)",2012,3.606434269,2010,-1.8700651639999997,-1.8700651639999997,-34.147089520934855,4.641851798599999,2.1848285845180895
WLD,"Inflation, GDP deflator (annual %)",2013,2.260770609,2010,-1.34566366,-1.34566366,-37.312856955885366,3.5218127016000005,1.4255101425002814
WLD,"Inflation, GDP deflator (annual %)",2014,1.974397796,2010,-0.28637281300000006,-0.28637281300000006,-12.667044230846159,3.5095773672,1.441627288128237
WLD,"Inflation, GDP deflator (annual %)",2015,2.320565354,2010,0.3461675580000001,0.3461675580000001,17.5328172823791,3.1277334922,1.455951935219001
WLD,"Inflation, GDP deflator (annual %)",2016,1.987078912,2010,-0.3334864420000001,-0.3334864420000001,-14.370913597635315,2.429849388,0.6760851393992021
WLD,"Inflation, GDP deflator (annual %)",2017,2.974740108,2010,0.9876611960000001,0.9876611960000001,49.70417581483548,2.3035105558,0.406543624596976
WLD,"Inflation, GDP deflator (annual %)",2018,2.787709514,2010,-0.18703059400000033,-0.18703059400000033,-6.287291904829495,2.4088983368,0.4577662834216735
WLD,"Inflation, GDP deflator (annual %)",2019,2.37586014,2010,-0.411849374,-0.411849374,-14.77375501040099,2.4891908056000003,0.3931495519242891
WLD,"Inflation, GDP deflator (annual %)",2020,1.982160556,2020,-0.39369958399999994,-0.39369958399999994,-16.570823230360688,2.421509846,0.45387439075512026
WLD,"Inflation, GDP deflator (annual %)",2021,4.557808315,2020,2.5756477589999998,2.5756477589999998,129.94142937631938,2.9356557266000003,0.9845454318972815
WLD,"Inflation, GDP deflator (annual %)",2022,7.333874589,2020,2.7760662739999997,2.7760662739999997,60.90792069652888,3.8074826228,2.203389985788508
WLD,"Inflation, GDP deflator (annual %)",2023,4.992518878,2020,-2.3413557109999994,-2.3413557109999994,-31.925221553580606,4.2484444956,2.1686312840293267
WLD,"Inflation, GDP deflator (annual %)",2024,4.087575663,2020,-0.9049432150000003,-0.9049432150000003,-18.12598484079283,4.5907876002000005,1.9199713012445743
WLD,"Inflation, GDP deflator (annual %)",2025,3.331760947,2020,-0.7558147160000002,-0.7558147160000002,-18.490537627021787,4.8607076784,1.5133644641220796
